City_ID,City,Country,Date,Lat,Lng,Max Temp,Humidity,Cloudiness,Wind Speed
0,Broken Hill,AU,2021-06-06 03:52:58,-31.95,141.4333,64.11,48,15,9.22
1,Albany,US,2021-06-06 03:51:42,42.6001,-73.9662,72.99,74,34,6.33
2,Puerto Ayora,EC,2021-06-06 03:49:13,-0.7393,-90.3518,72.55,91,18,3.0
3,Clyde River,CA,2021-06-06 03:48:42,70.4692,-68.5914,32.23,100,90,13.8
4,Arraial Do Cabo,BR,2021-06-06 03:52:39,-22.9661,-42.0278,72.91,87,0,21.14
5,Rincon,US,2021-06-06 03:52:59,32.296,-81.2354,79.86,94,75,7.96
6,Jamestown,US,2021-06-06 03:52:59,42.097,-79.2353,72.72,73,1,1.01
7,Ribeira Grande,PT,2021-06-06 03:52:59,38.5167,-28.7,64.26,88,100,8.86
8,Punta Arenas,CL,2021-06-06 03:53:00,-53.15,-70.9167,35.71,93,90,14.63
9,Ushuaia,AR,2021-06-06 03:53:00,-54.8,-68.3,31.66,86,0,8.05
10,Hearst,CA,2021-06-06 03:53:01,49.6835,-83.6665,48.45,88,5,3.6
11,Cherskiy,RU,2021-06-06 03:53:01,68.75,161.3,71.06,26,29,21.47
12,Rikitea,PF,2021-06-06 03:51:17,-23.1203,-134.9692,76.17,82,77,14.14
13,Upernavik,GL,2021-06-06 03:52:07,72.7868,-56.1549,33.82,84,3,3.8
14,Asau,RO,2021-06-06 03:51:53,46.4333,26.4,56.75,98,50,3.09
15,Elizabeth City,US,2021-06-06 03:49:19,36.2946,-76.2511,78.03,92,1,5.75
16,Houma,US,2021-06-06 03:53:02,29.5958,-90.7195,78.01,88,90,10.36
17,Iqaluit,CA,2021-06-06 03:53:02,63.7506,-68.5145,29.93,100,90,5.01
18,Vila Franca Do Campo,PT,2021-06-06 03:52:44,37.7167,-25.4333,59.41,88,58,1.92
19,Bambous Virieux,MU,2021-06-06 03:48:24,-20.3428,57.7575,72.21,94,75,2.48
20,Khatanga,RU,2021-06-06 03:53:03,71.9667,102.5,37.06,71,100,11.77
21,Sept-Iles,CA,2021-06-06 03:53:03,50.2001,-66.3821,52.32,86,20,1.01
22,Sambava,MG,2021-06-06 03:53:04,-14.2667,50.1667,74.41,87,98,6.11
23,Hobart,AU,2021-06-06 03:48:20,-42.8794,147.3294,55.26,60,75,3.0
24,Jinzhou,CN,2021-06-06 03:53:04,41.1078,121.1417,79.47,34,1,7.34
25,Avarua,CK,2021-06-06 03:52:03,-21.2078,-159.775,75.25,69,40,6.91
26,Coos Bay,US,2021-06-06 03:53:05,43.3665,-124.2179,55.38,77,1,12.66
27,Emerald,AU,2021-06-06 03:53:05,-23.5333,148.1667,69.35,32,0,5.75
28,Turan,VN,2021-06-06 03:53:06,16.0678,108.2208,96.78,46,20,4.61
29,Cape Town,ZA,2021-06-06 03:51:47,-33.9258,18.4232,64.11,47,0,7.63
30,Mataura,NZ,2021-06-06 03:51:39,-46.1927,168.8643,49.48,82,17,0.25
31,Tuktoyaktuk,CA,2021-06-06 03:53:06,69.4541,-133.0374,33.8,80,75,13.8
32,Carnarvon,AU,2021-06-06 03:53:07,-24.8667,113.6333,80.67,39,90,4.61
33,Dayong,CN,2021-06-06 03:53:07,25.0209,118.2898,80.28,81,93,6.26
34,Luderitz,NA,2021-06-06 03:53:07,-26.6481,15.1594,69.87,32,0,28.32
35,Vaini,TO,2021-06-06 03:51:51,-21.2,-175.2,78.96,73,40,2.3
36,Agdam,AZ,2021-06-06 03:53:08,39.991,46.9274,69.12,64,7,4.81
37,Hithadhoo,MV,2021-06-06 03:53:08,-0.6,73.0833,83.23,73,98,12.82
38,Port Alfred,ZA,2021-06-06 03:52:06,-33.5906,26.891,56.66,51,0,11.12
39,Bilma,NE,2021-06-06 03:53:09,18.6853,12.9164,89.78,18,100,8.93
40,Oriximina,BR,2021-06-06 03:52:37,-1.7656,-55.8661,75.15,83,32,3.98
41,Vestmannaeyjar,IS,2021-06-06 03:53:09,63.4427,-20.2734,46.42,86,93,18.41
42,Ponta Do Sol,PT,2021-06-06 03:53:10,32.6667,-17.1,66.0,74,56,5.88
43,Hermanus,ZA,2021-06-06 03:53:10,-34.4187,19.2345,63.9,40,9,8.79
44,Garachine,PA,2021-06-06 03:53:10,8.0647,-78.3628,79.09,86,100,3.74
45,Sioux Lookout,CA,2021-06-06 03:52:36,50.1001,-91.917,77.38,50,75,5.75
46,Busselton,AU,2021-06-06 03:51:57,-33.65,115.3333,61.09,75,80,15.9
47,Mar Del Plata,AR,2021-06-06 03:48:23,-38.0023,-57.5575,47.12,59,0,4.0
48,East London,ZA,2021-06-06 03:51:45,-33.0153,27.9116,54.54,66,0,8.05
49,Saskylakh,RU,2021-06-06 03:53:11,71.9167,114.0833,43.66,47,87,11.34
50,Natal,BR,2021-06-06 03:53:12,-5.795,-35.2094,75.42,88,20,7.65
51,San Quintin,MX,2021-06-06 03:53:12,30.4833,-115.95,66.43,84,3,5.12
52,Los Llanos De Aridane,ES,2021-06-06 03:48:52,28.6585,-17.9182,62.35,80,20,13.35
53,Jiangyou,CN,2021-06-06 03:53:13,31.7667,104.7167,86.85,35,100,4.81
54,Kaitangata,NZ,2021-06-06 03:52:14,-46.2817,169.8464,52.93,61,71,3.04
55,Sesheke,ZM,2021-06-06 03:53:13,-17.4759,24.2968,43.57,88,14,5.08
56,Pattukkottai,IN,2021-06-06 03:53:13,10.4333,79.3167,85.24,63,99,4.5
57,New Norfolk,AU,2021-06-06 03:53:14,-42.7826,147.0587,54.9,61,100,1.01
58,Dikson,RU,2021-06-06 03:48:22,73.5069,80.5464,30.79,97,100,11.1
59,Castro,BR,2021-06-06 03:52:30,-24.7911,-50.0119,58.01,76,65,2.57
60,Kodiak,US,2021-06-06 03:48:24,57.79,-152.4072,60.31,41,1,20.71
61,Necochea,AR,2021-06-06 03:51:52,-38.5473,-58.7368,45.72,72,0,10.69
62,Maldonado,UY,2021-06-06 03:53:15,-34.6667,-54.9167,53.22,88,28,3.91
63,Bluff,NZ,2021-06-06 03:51:48,-46.6,168.3333,49.8,72,81,4.14
64,Port Keats,AU,2021-06-06 03:53:15,-14.25,129.55,86.52,24,99,3.51
65,Kapaa,US,2021-06-06 03:51:44,22.0752,-159.319,79.48,67,40,1.99
66,Portland,US,2021-06-06 03:50:32,45.5234,-122.6762,58.95,63,20,1.99
67,Iquitos,PE,2021-06-06 03:53:16,-3.7481,-73.2472,75.24,94,75,1.14
68,Babushkin,RU,2021-06-06 03:53:16,51.7122,105.8647,43.05,94,100,26.13
69,Hilo,US,2021-06-06 03:53:17,19.7297,-155.09,77.29,78,28,1.01
70,Lasa,IT,2021-06-06 03:49:20,46.6166,10.7002,58.08,96,100,5.32
71,Ahipara,NZ,2021-06-06 03:52:01,-35.1667,173.1667,58.64,92,100,14.94
72,Thompson,CA,2021-06-06 03:53:17,55.7435,-97.8558,53.76,94,75,13.8
73,Kamenka,RU,2021-06-06 03:53:18,51.3223,42.7678,55.09,96,100,9.13
74,Georgetown,MY,2021-06-06 03:50:27,5.4112,100.3354,87.89,72,20,5.01
75,Pangnirtung,CA,2021-06-06 03:53:18,66.1451,-65.7125,25.92,94,64,3.94
76,Qaanaaq,GL,2021-06-06 03:53:19,77.484,-69.3632,34.65,67,70,7.02
77,Pierre,US,2021-06-06 03:51:31,44.3683,-100.351,85.98,39,1,10.36
78,Tilichiki,RU,2021-06-06 03:52:38,60.4667,166.1,46.13,76,100,11.5
79,Nemuro,JP,2021-06-06 03:49:14,43.3236,145.575,77.43,79,87,18.32
80,Faanui,PF,2021-06-06 03:53:19,-16.4833,-151.75,80.8,74,10,9.71
81,Fereydun Kenar,IR,2021-06-06 03:53:20,36.6864,52.5225,70.11,76,80,5.66
82,Saint-Georges,GD,2021-06-06 03:53:20,12.0564,-61.7485,80.28,83,75,21.85
83,Tiksi,RU,2021-06-06 03:53:20,71.6872,128.8694,44.17,54,91,6.44
84,Touros,BR,2021-06-06 03:52:39,-5.1989,-35.4608,74.3,88,51,11.77
85,Santa Fe,AR,2021-06-06 03:50:08,-31.6333,-60.7,55.99,74,0,1.01
86,Narsaq,GL,2021-06-06 03:53:21,60.9167,-46.05,41.5,85,100,5.68
87,Tahe,CN,2021-06-06 03:53:22,52.3333,124.7333,78.4,21,0,2.57
88,Caravelas,BR,2021-06-06 03:52:45,-17.7125,-39.2481,71.64,91,15,6.42
89,Beroroha,MG,2021-06-06 03:53:22,-21.6667,45.1667,61.83,80,4,3.65
90,Esperance,AU,2021-06-06 03:48:45,-33.8667,121.9,64.24,55,28,20.02
91,Tezu,IN,2021-06-06 03:48:49,27.9167,96.1667,76.59,90,98,0.87
92,Fairbanks,US,2021-06-06 03:53:23,64.8378,-147.7164,68.59,45,75,10.36
93,Bilibino,RU,2021-06-06 03:49:15,68.0546,166.4372,72.57,24,50,13.94
94,Solnechnyy,RU,2021-06-06 03:53:23,50.7214,136.6319,57.22,68,74,5.59
95,Creston,US,2021-06-06 03:53:24,41.0586,-94.3614,76.44,73,1,9.22
96,Dolores,AR,2021-06-06 03:53:24,-36.3132,-57.6792,43.56,65,2,6.31
97,Nanga Eboko,CM,2021-06-06 03:53:24,4.6833,12.3667,67.33,99,100,1.19
98,Maceio,BR,2021-06-06 03:51:56,-9.6658,-35.7353,76.44,83,90,9.69
99,Kanniyakumari,IN,2021-06-06 03:53:25,8.0833,77.5667,83.53,74,90,15.68
100,Nsanje,MW,2021-06-06 03:53:25,-16.92,35.262,58.84,91,82,3.44
101,Bredasdorp,ZA,2021-06-06 03:53:26,-34.5322,20.0403,47.52,76,1,5.5
102,Bethel,US,2021-06-06 03:53:26,41.3712,-73.414,78.93,74,25,4.09
103,Viedma,AR,2021-06-06 03:53:27,-40.8135,-62.9967,45.46,55,0,7.76
104,Salalah,OM,2021-06-06 03:50:25,17.0151,54.0924,83.35,81,79,7.43
105,Padang,ID,2021-06-06 03:53:21,-0.9492,100.3543,84.85,61,82,3.69
106,Bengkulu,ID,2021-06-06 03:52:04,-3.8004,102.2655,83.44,70,14,2.82
107,Raudeberg,NO,2021-06-06 03:49:46,61.9875,5.1352,58.19,96,100,6.49
108,Talnakh,RU,2021-06-06 03:53:27,69.4865,88.3972,32.5,96,100,5.61
109,Yellowknife,CA,2021-06-06 03:53:28,62.456,-114.3525,60.57,53,40,5.99
110,Champerico,GT,2021-06-06 03:53:28,14.3,-91.9167,83.35,71,56,5.82
111,Sungaipenuh,ID,2021-06-06 03:53:29,-2.0833,101.3833,77.16,65,41,4.14
112,Cuaspud,CO,2021-06-06 03:53:29,0.8628,-77.7263,47.1,97,80,3.53
113,Antonovo,BG,2021-06-06 03:53:29,43.15,26.1667,62.35,75,19,3.69
114,Kondinskoye,RU,2021-06-06 03:53:30,59.6481,67.41,73.11,42,58,17.16
115,Bintulu,MY,2021-06-06 03:53:30,3.1667,113.0333,79.21,88,20,1.99
116,La Ronge,CA,2021-06-06 03:52:28,55.1001,-105.2842,66.42,52,90,1.14
117,Port Elizabeth,ZA,2021-06-06 03:53:30,-33.918,25.5701,50.29,81,0,8.05
118,Longyearbyen,SJ,2021-06-06 03:51:47,78.2186,15.6401,35.44,64,40,10.36
119,Merauke,ID,2021-06-06 03:53:31,-8.4667,140.3333,80.35,82,92,15.14
120,Provideniya,RU,2021-06-06 03:52:02,64.3833,-173.3,40.82,67,48,3.04
121,Deputatskiy,RU,2021-06-06 03:53:32,69.3,139.9,38.1,63,95,11.72
122,Pacific Grove,US,2021-06-06 03:52:34,36.6177,-121.9166,61.2,83,90,1.99
123,Saint Anthony,US,2021-06-06 03:53:32,45.0205,-93.218,87.94,43,1,1.99
124,Sao Mateus,BR,2021-06-06 03:53:32,-18.7161,-39.8589,69.8,94,57,3.18
125,Inta,RU,2021-06-06 03:53:33,66.0317,60.1659,44.2,50,49,14.18
126,Beloha,MG,2021-06-06 03:53:33,-25.1667,45.05,58.19,80,0,5.44
127,Takoradi,GH,2021-06-06 03:53:33,4.8845,-1.7554,78.44,83,82,5.53
128,Yulara,AU,2021-06-06 03:53:34,-25.2406,130.9889,67.84,32,0,10.36
129,Cape Coast,GH,2021-06-06 03:53:26,5.1053,-1.2466,77.77,85,87,3.71
130,Bijar,IR,2021-06-06 03:53:34,35.8668,47.6051,69.17,20,0,3.96
131,Kloulklubed,PW,2021-06-06 03:53:35,7.0419,134.2556,83.08,76,79,8.63
132,Sur,OM,2021-06-06 03:53:35,22.5667,59.5289,91.24,53,29,4.27
133,Berlevag,NO,2021-06-06 03:53:36,70.8578,29.0864,41.74,75,7,19.93
134,Port-Gentil,GA,2021-06-06 03:53:36,-0.7193,8.7815,78.1,86,97,8.9
135,Hambantota,LK,2021-06-06 03:53:36,6.1241,81.1185,84.54,79,20,16.46
136,Guerrero Negro,MX,2021-06-06 03:53:37,27.9769,-114.0611,63.21,84,99,13.73
137,Coihaique,CL,2021-06-06 03:53:37,-45.5752,-72.0662,39.15,81,75,4.61
138,Eureka,US,2021-06-06 03:50:17,40.8021,-124.1637,55.2,78,100,7.0
139,Xuanzhou,CN,2021-06-06 03:53:37,30.9525,118.7553,88.92,42,0,1.81
140,Muros,ES,2021-06-06 03:53:38,42.7762,-9.0603,59.85,84,13,9.75
141,Dunedin,NZ,2021-06-06 03:53:38,-45.8742,170.5036,50.14,76,99,2.75
142,Olavarria,AR,2021-06-06 03:53:39,-36.8927,-60.3225,42.84,60,75,5.55
143,Tasiilaq,GL,2021-06-06 03:53:39,65.6145,-37.6368,36.97,97,100,3.04
144,Trincomalee,LK,2021-06-06 03:53:40,8.5711,81.2335,86.32,65,100,15.26
145,Coquimbo,CL,2021-06-06 03:52:34,-29.9533,-71.3436,56.93,88,90,0.69
146,Horsham,GB,2021-06-06 03:53:40,51.064,-0.3272,57.58,78,0,2.42
147,Saint-Philippe,RE,2021-06-06 03:53:40,-21.3585,55.7679,72.99,81,63,0.63
148,Te Anau,NZ,2021-06-06 03:53:41,-45.4167,167.7167,47.07,84,14,1.36
149,Mackay,AU,2021-06-06 03:49:48,-21.15,149.2,73.69,56,77,14.97
150,Nikolskoye,RU,2021-06-06 03:51:56,59.7035,30.7861,60.69,63,100,3.06
151,Avera,US,2021-06-06 03:53:41,33.194,-82.5271,74.71,95,100,4.99
152,Constitucion,CL,2021-06-06 03:53:42,-35.3333,-72.4167,49.68,63,100,5.37
153,San Policarpo,PH,2021-06-06 03:53:02,12.1791,125.5072,83.25,78,68,2.08
154,Severo-Kurilsk,RU,2021-06-06 03:52:08,50.6789,156.125,47.08,89,75,8.32
155,Qarqin,AF,2021-06-06 03:53:43,37.4185,66.0436,101.14,8,0,7.25
156,Akyab,MM,2021-06-06 03:53:43,20.15,92.9,81.63,83,93,11.01
157,Isangel,VU,2021-06-06 03:53:43,-19.55,169.2667,78.91,78,75,14.81
158,Ustka,PL,2021-06-06 03:53:44,54.5805,16.8619,54.46,71,5,2.86
159,Locri,IT,2021-06-06 03:53:44,38.2414,16.2623,72.25,58,23,8.1
160,Kalemie,CD,2021-06-06 03:53:44,-5.9475,29.1947,72.45,75,91,11.63
161,Kotelnikovo,RU,2021-06-06 03:53:45,47.6317,43.1461,60.57,81,33,10.78
162,Lavrentiya,RU,2021-06-06 03:53:45,65.5833,-171.0,36.28,76,94,12.46
163,Katsuura,JP,2021-06-06 03:49:04,35.1333,140.3,71.71,95,100,5.39
164,Makakilo City,US,2021-06-06 03:53:46,21.3469,-158.0858,80.35,64,75,20.58
165,Koksovyy,RU,2021-06-06 03:53:46,48.1967,40.5989,58.8,83,46,8.32
166,Shimanovsk,RU,2021-06-06 03:53:47,52.0,127.7,75.06,24,0,3.13
167,Norman Wells,CA,2021-06-06 03:53:47,65.282,-126.8329,50.04,66,90,14.97
168,Atuona,PF,2021-06-06 03:53:48,-9.8,-139.0333,79.23,70,16,14.05
169,Thunder Bay,CA,2021-06-06 03:52:23,48.4001,-89.3168,66.18,83,20,5.75
170,Evensk,RU,2021-06-06 03:49:24,61.95,159.2333,47.05,84,100,2.39
171,Sinnamary,GF,2021-06-06 03:53:48,5.3833,-52.95,77.27,91,95,7.34
172,Cidreira,BR,2021-06-06 03:53:49,-30.1811,-50.2056,64.11,92,100,8.21
173,Fortuna,US,2021-06-06 03:53:49,40.5982,-124.1573,54.93,72,1,1.99
174,Florianopolis,BR,2021-06-06 03:53:49,-27.6146,-48.5012,73.4,94,0,14.97
175,Road Town,VG,2021-06-06 03:53:50,18.4167,-64.6167,81.19,75,100,20.02
176,Ilulissat,GL,2021-06-06 03:53:50,69.2167,-51.1,34.12,92,20,10.87
177,Bose,IT,2021-06-06 03:53:50,45.4612,8.0137,60.39,88,0,4.23
178,Nara,JP,2021-06-06 03:53:51,34.6851,135.8049,81.5,39,100,0.43
179,Faya,SA,2021-06-06 03:52:13,18.3851,42.4509,66.72,48,0,2.46
180,Abu Zabad,SD,2021-06-06 03:53:51,12.35,29.25,81.66,52,53,9.84
181,Butaritari,KI,2021-06-06 03:51:50,3.0707,172.7902,82.67,74,30,7.16
182,Porto Novo,BJ,2021-06-06 03:53:52,6.4965,2.6036,78.62,90,80,2.37
183,Meulaboh,ID,2021-06-06 03:53:52,4.1363,96.1285,83.68,66,95,3.85
184,Cedar City,US,2021-06-06 03:53:53,37.6775,-113.0619,74.39,15,6,8.63
185,Surt,LY,2021-06-06 03:53:53,31.2089,16.5887,67.93,71,6,8.41
186,Gladstone,AU,2021-06-06 03:53:53,-23.85,151.25,76.78,27,0,6.91
187,Airai,TL,2021-06-06 03:53:54,-8.9266,125.4092,71.19,61,61,3.76
188,San Jose,US,2021-06-06 03:51:06,37.3394,-121.895,67.87,65,75,1.99
189,La Rioja,ES,2021-06-06 03:53:54,42.25,-2.5,50.49,95,78,4.47
190,Chuy,UY,2021-06-06 03:53:54,-33.6971,-53.4616,51.6,90,100,7.18
191,Agadir,MA,2021-06-06 03:53:55,30.4202,-9.5982,61.25,90,59,2.89
192,Mogadishu,SO,2021-06-06 03:53:13,2.0371,45.3438,79.92,81,55,15.17
193,Pisco,PE,2021-06-06 03:53:55,-13.7,-76.2167,64.45,82,90,3.44
194,Tessalit,ML,2021-06-06 03:53:56,20.1986,1.0114,92.88,10,6,10.65
195,Kenai,US,2021-06-06 03:53:56,60.5544,-151.2583,66.29,39,1,10.63
196,Wasilla,US,2021-06-06 03:53:56,61.5814,-149.4394,66.18,45,75,0.0
197,Ixtapa,MX,2021-06-06 03:49:01,20.7,-105.2,82.22,78,75,0.0
198,Dongsheng,CN,2021-06-06 03:53:57,39.8161,109.9776,83.93,12,100,14.74
199,Cockburn Town,TC,2021-06-06 03:49:41,21.4612,-71.1419,79.97,83,0,23.0
200,Meiganga,CM,2021-06-06 03:53:57,6.5167,14.3,65.32,96,99,0.38
201,Hobyo,SO,2021-06-06 03:53:58,5.3505,48.5268,78.69,82,45,20.56
202,Cayenne,GF,2021-06-06 03:51:56,4.9333,-52.3333,76.08,90,75,7.11
203,Mweka,CD,2021-06-06 03:53:58,-4.85,21.5667,71.01,60,90,1.97
204,Oksfjord,NO,2021-06-06 03:53:59,70.2396,22.3479,44.67,72,11,4.09
205,Quatre Cocos,MU,2021-06-06 03:53:59,-20.2078,57.7625,72.09,79,41,1.81
206,Belyy Yar,RU,2021-06-06 03:53:59,53.6039,91.3903,49.89,81,40,14.52
207,Alofi,NU,2021-06-06 03:54:00,-19.0595,-169.9187,76.89,69,31,12.66
208,Lompoc,US,2021-06-06 03:54:00,34.6391,-120.4579,61.79,83,90,9.22
209,Poltavka,RU,2021-06-06 03:54:00,54.3663,71.7632,66.79,42,6,7.07
210,Lar,IN,2021-06-06 03:54:01,26.2039,83.9717,98.35,30,9,12.44
211,Galle,LK,2021-06-06 03:49:21,6.0367,80.217,83.25,75,80,11.65
212,Quthing,LS,2021-06-06 03:54:01,-30.4,27.7003,38.59,33,0,0.56
213,Severodvinsk,RU,2021-06-06 03:54:02,64.5635,39.8302,51.91,64,100,11.61
214,Trenggalek,ID,2021-06-06 03:54:02,-8.05,111.7167,87.48,63,17,4.56
215,Codrington,AU,2021-06-06 03:54:02,-38.2667,141.9667,61.72,74,100,16.35
216,Pontiac,US,2021-06-06 03:54:03,42.6389,-83.2911,76.91,62,1,1.01
217,Lupiro,TZ,2021-06-06 03:54:03,-8.3833,36.6667,64.11,90,97,2.59
218,Bandarbeyla,SO,2021-06-06 03:51:36,9.4942,50.8122,82.42,69,23,20.96
219,Kasangulu,CD,2021-06-06 03:54:03,-4.5911,15.1708,76.08,92,76,1.77
220,Sabang,ID,2021-06-06 03:54:04,5.8933,95.3214,83.35,74,96,17.22
221,Hualmay,PE,2021-06-06 03:54:04,-11.0964,-77.6139,63.3,84,27,7.81
222,Dalby,AU,2021-06-06 03:54:05,-27.1833,151.2667,61.5,33,0,6.6
223,Wellington,NZ,2021-06-06 03:51:49,-41.2866,174.7756,62.82,72,75,5.75
224,Cascais,PT,2021-06-06 03:54:05,38.6979,-9.4215,61.47,73,0,1.01
225,Bhongir,IN,2021-06-06 03:54:06,17.5108,78.8889,80.78,54,98,6.38
226,Saint George,US,2021-06-06 03:51:02,37.1041,-113.5841,97.39,9,1,12.66
227,Guanica,PR,2021-06-06 03:54:06,17.9716,-66.908,80.02,78,100,3.0
228,Honningsvag,NO,2021-06-06 03:54:06,70.9821,25.9704,41.63,78,5,20.02
229,Barrow,US,2021-06-06 03:54:07,71.2906,-156.7887,33.82,86,75,11.5
230,Kismayo,SO,2021-06-06 03:54:07,-0.3582,42.5454,78.87,79,87,14.88
231,Tigil,RU,2021-06-06 03:54:08,57.8,158.6667,52.79,84,100,5.64
232,Hamilton,US,2021-06-06 03:54:08,39.1834,-84.5333,72.21,80,23,3.65
233,Copiapo,CL,2021-06-06 03:54:08,-27.3667,-70.3333,55.09,84,0,1.79
234,Bosaso,SO,2021-06-06 03:54:09,11.2842,49.1816,92.68,40,14,10.8
235,Glenwood Springs,US,2021-06-06 03:54:09,39.5505,-107.3248,65.43,50,100,2.73
236,Skjervoy,NO,2021-06-06 03:54:09,70.0311,20.9714,43.2,80,7,1.28
237,Batemans Bay,AU,2021-06-06 03:49:46,-35.7167,150.1833,66.2,43,3,5.95
238,Kazachinskoye,RU,2021-06-06 03:54:10,57.6953,93.2761,61.54,32,16,13.51
239,Kavieng,PG,2021-06-06 03:54:10,-2.5744,150.7967,82.29,75,100,0.94
240,Khandyga,RU,2021-06-06 03:54:11,62.6667,135.6,81.97,29,83,11.9
241,Pevek,RU,2021-06-06 03:52:10,69.7008,170.3133,48.9,61,83,9.04
242,Ancud,CL,2021-06-06 03:54:11,-41.8697,-73.8203,47.23,82,94,4.74
243,Sawtell,AU,2021-06-06 03:54:12,-30.3833,153.1,67.19,51,0,10.36
244,Byumba,RW,2021-06-06 03:54:12,-1.5763,30.0675,57.4,88,100,1.61
245,Tual,ID,2021-06-06 03:54:13,-5.6667,132.75,81.19,78,32,18.63
246,Bahia Blanca,AR,2021-06-06 03:54:13,-38.7196,-62.2724,45.72,50,25,5.57
247,San Cristobal,VE,2021-06-06 03:54:13,7.7669,-72.225,66.58,99,100,2.93
248,Manono,CD,2021-06-06 03:54:14,-7.3,27.4167,71.62,61,52,9.08
249,Sampit,ID,2021-06-06 03:54:14,-2.5333,112.95,94.17,47,63,3.24
250,Anqing,CN,2021-06-06 03:54:14,30.5092,117.0506,86.79,41,0,7.94
251,Nome,US,2021-06-06 03:54:12,64.5011,-165.4064,35.67,93,90,16.11
252,Largo,US,2021-06-06 03:54:15,27.9095,-82.7873,81.1,78,75,1.01
253,Tambovka,RU,2021-06-06 03:54:15,50.0969,128.0489,71.71,48,0,5.12
254,Santo Domingo,DO,2021-06-06 03:53:30,18.5001,-69.9886,77.04,88,67,1.99
255,Mapiri,BO,2021-06-06 03:54:16,-15.25,-68.1667,68.27,97,98,0.67
256,Toyooka,JP,2021-06-06 03:54:16,35.5333,134.8333,80.65,41,75,1.14
257,Cabo San Lucas,MX,2021-06-06 03:49:26,22.8909,-109.9124,88.81,60,1,13.78
258,Soligalich,RU,2021-06-06 03:54:17,59.0778,42.2864,64.11,57,11,2.17
259,Baykit,RU,2021-06-06 03:54:17,61.67,96.37,43.41,58,91,14.45
260,Aklavik,CA,2021-06-06 03:51:53,68.2191,-135.0107,47.12,77,98,7.27
261,Mbini,GQ,2021-06-06 03:54:18,1.574,9.6134,75.04,88,100,3.11
262,Inuvik,CA,2021-06-06 03:51:54,68.3499,-133.7218,47.16,77,20,12.66
263,Anadyr,RU,2021-06-06 03:54:18,64.75,177.4833,48.7,71,0,15.39
264,Prince Rupert,CA,2021-06-06 03:54:19,54.3161,-130.3201,48.29,90,90,9.22
265,Umm Kaddadah,SD,2021-06-06 03:54:19,13.6017,26.6876,80.65,46,59,6.33
266,Makarov,RU,2021-06-06 03:54:19,48.6333,142.8,55.65,66,100,2.06
267,Lebu,CL,2021-06-06 03:54:20,-37.6167,-73.65,48.09,78,93,10.2
268,Jalu,LY,2021-06-06 03:54:20,29.0331,21.5482,68.52,43,0,7.63
269,Banjar,ID,2021-06-06 03:54:20,-8.19,114.9675,85.86,61,15,4.21
270,Marzuq,YE,2021-06-06 03:54:21,14.4,46.4667,81.36,17,9,5.12
271,Alexandria,EG,2021-06-06 03:49:27,31.2156,29.9553,69.76,68,0,11.5
272,Morden,CA,2021-06-06 03:54:21,49.1919,-98.1014,81.03,53,100,31.07
273,Zalantun,CN,2021-06-06 03:54:22,48.0,122.7167,71.82,34,3,9.06
274,Arequipa,PE,2021-06-06 03:54:22,-16.3989,-71.535,55.47,13,0,5.75
275,Bubaque,GW,2021-06-06 03:54:22,11.2833,-15.8333,79.45,84,99,13.49
276,Mount Isa,AU,2021-06-06 03:49:42,-20.7333,139.5,74.97,22,0,10.36
277,Benghazi,LY,2021-06-06 03:54:23,32.1167,20.0667,69.03,65,0,9.28
278,Shimoda,JP,2021-06-06 03:54:23,34.6667,138.95,66.56,98,100,5.91
279,Olinda,BR,2021-06-06 03:54:24,-8.0089,-34.8553,71.33,94,75,12.73
280,Pandan,PH,2021-06-06 03:54:24,14.0453,124.1694,85.33,73,100,1.32
281,Siderno,IT,2021-06-06 03:54:24,38.2779,16.302,72.28,60,32,6.51
282,Kavaratti,IN,2021-06-06 03:54:25,10.5669,72.642,83.01,75,100,13.89
283,Nanortalik,GL,2021-06-06 03:54:25,60.1432,-45.2371,39.76,85,100,5.86
284,Ugoofaaru,MV,2021-06-06 03:54:25,5.6667,73.0,83.14,76,100,15.3
285,Lorengau,PG,2021-06-06 03:51:54,-2.0226,147.2712,80.92,80,98,8.19
286,Port Augusta,AU,2021-06-06 03:54:26,-32.5,137.7667,68.14,42,100,11.18
287,Ust-Karsk,RU,2021-06-06 03:54:26,52.7011,118.8077,82.53,22,33,5.99
288,Mahebourg,MU,2021-06-06 03:52:51,-20.4081,57.7,72.25,94,75,6.91
289,Kang,BW,2021-06-06 03:54:27,-23.6752,22.7876,41.99,67,0,9.57
290,Vanderhoof,CA,2021-06-06 03:54:27,54.0166,-124.0198,50.95,43,30,9.66
291,Paamiut,GL,2021-06-06 03:54:27,61.994,-49.6678,38.97,94,100,10.65
292,Bereda,ES,2021-06-06 03:54:27,43.2686,-7.5406,56.91,100,92,4.9
293,Huarmey,PE,2021-06-06 03:54:28,-10.0681,-78.1522,64.35,86,39,7.76
294,Birao,CF,2021-06-06 03:54:28,10.2849,22.7882,73.26,81,96,4.21
295,Charters Towers,AU,2021-06-06 03:54:29,-20.1,146.2667,72.72,33,77,11.63
296,Vao,NC,2021-06-06 03:54:29,-22.6667,167.4833,71.37,67,59,20.22
297,Troitsko-Pechorsk,RU,2021-06-06 03:54:29,62.7084,56.1964,64.78,57,42,8.1
298,Yumen,CN,2021-06-06 03:54:30,40.2833,97.2,82.83,18,85,22.41
299,Kashi,CN,2021-06-06 03:54:30,39.4547,75.9797,85.21,13,0,7.34
300,Grindavik,IS,2021-06-06 03:54:30,63.8424,-22.4338,48.56,93,75,18.59
301,Acarau,BR,2021-06-06 03:54:09,-2.8856,-40.12,75.94,87,0,10.71
302,Ghanzi,BW,2021-06-06 03:54:31,-21.5667,21.7833,42.84,69,0,11.43
303,Bezhta,RU,2021-06-06 03:54:31,42.1338,46.1283,54.61,76,4,3.29
304,Tebingtinggi,ID,2021-06-06 03:54:32,3.3285,99.1625,87.85,53,76,0.54
305,Anchorage,US,2021-06-06 03:50:38,61.2181,-149.9003,67.08,57,1,8.05
306,Timbo,BR,2021-06-06 03:53:01,-26.8233,-49.2717,67.57,99,81,1.95
307,Kahului,US,2021-06-06 03:51:33,20.8947,-156.47,83.46,64,20,23.02
308,Kodinsk,RU,2021-06-06 03:54:32,58.6881,99.1844,47.12,81,99,8.84
309,Naze,JP,2021-06-06 03:54:32,28.3667,129.4833,72.52,95,100,4.16
310,Idritsa,RU,2021-06-06 03:54:33,56.3316,28.8988,58.44,73,69,4.83
311,Gondanglegi,ID,2021-06-06 03:54:33,-7.7479,112.0132,88.74,59,4,4.16
312,Kasongo-Lunda,CD,2021-06-06 03:54:34,-6.4667,16.8167,64.53,56,1,2.01
313,Kruisfontein,ZA,2021-06-06 03:54:34,-34.0033,24.7314,51.66,27,0,9.73
314,Port Blair,IN,2021-06-06 03:53:10,11.6667,92.75,85.73,72,100,12.5
315,Teya,RU,2021-06-06 03:53:29,60.3778,92.6267,47.41,49,88,13.0
316,Hami,CN,2021-06-06 03:49:50,42.8,93.45,80.91,21,85,13.06
317,Shevchenkove,UA,2021-06-06 03:54:34,49.6959,37.1735,55.18,97,100,4.76
318,Sarankhola,BD,2021-06-06 03:54:35,22.3082,89.7897,97.27,47,99,11.14
319,Anjozorobe,MG,2021-06-06 03:54:35,-18.4,47.8667,53.92,95,23,5.82
320,Assomada,CV,2021-06-06 03:54:36,15.1,-23.6833,69.35,83,100,13.78
321,Sann,PK,2021-06-06 03:54:36,26.0418,68.1378,84.11,49,1,15.68
322,Mandan,US,2021-06-06 03:54:36,46.8267,-100.8896,85.21,48,1,5.75
323,Marsh Harbour,BS,2021-06-06 03:54:37,26.5412,-77.0636,78.44,84,36,17.47
324,Cabedelo,BR,2021-06-06 03:54:37,-6.9811,-34.8339,75.87,87,95,9.66
325,Klyuchi,RU,2021-06-06 03:54:38,52.2667,79.1667,66.52,36,15,5.12
326,Maragogi,BR,2021-06-06 03:54:38,-9.0122,-35.2225,75.25,86,1,10.09
327,Hyeres,FR,2021-06-06 03:54:38,43.1167,6.1167,64.72,86,0,5.75
328,Hasaki,JP,2021-06-06 03:54:39,35.7333,140.8333,73.69,94,100,3.51
329,Ayr,GB,2021-06-06 03:54:39,55.4627,-4.6339,50.2,93,20,4.61
330,Loandjili,CG,2021-06-06 03:54:39,-4.7561,11.8578,78.91,89,75,8.05
331,Lincoln,US,2021-06-06 03:54:36,40.8,-96.667,78.24,58,0,3.0
332,Marion,US,2021-06-06 03:51:34,39.7684,-86.1555,73.74,78,1,5.06
333,Camana,PE,2021-06-06 03:54:40,-16.6228,-72.7111,62.51,89,82,6.17
334,San Miguelito,PA,2021-06-06 03:54:40,9.0333,-79.5,80.78,87,40,5.75
335,Cacoal,BR,2021-06-06 03:54:37,-11.4386,-61.4472,71.73,85,97,3.58
336,Ballina,AU,2021-06-06 03:54:41,-28.8667,153.5667,69.98,53,0,8.05
337,Morondava,MG,2021-06-06 03:54:41,-20.2833,44.2833,66.29,84,5,7.31
338,Shaowu,CN,2021-06-06 03:54:41,27.3409,117.4831,86.86,49,12,1.81
339,Polunochnoye,RU,2021-06-06 03:54:42,60.8697,60.4153,71.35,38,59,9.15
340,Korla,CN,2021-06-06 03:54:42,41.7597,86.1469,82.02,26,72,15.79
341,Choix,MX,2021-06-06 03:54:43,26.7092,-108.3219,82.74,36,0,2.64
342,Panzhihua,CN,2021-06-06 03:54:43,26.5851,101.7128,70.74,76,100,1.32
343,Saint-Francois,FR,2021-06-06 03:54:43,46.4154,3.9054,57.47,99,51,2.3
344,Jiuquan,CN,2021-06-06 03:54:44,39.7432,98.5174,84.13,17,45,22.75
345,Osuna,ES,2021-06-06 03:54:44,37.2377,-5.1075,56.79,94,0,1.5
346,Bontang,ID,2021-06-06 03:54:44,0.1333,117.5,87.03,65,65,7.16
347,Pizarro,CO,2021-06-06 03:54:45,4.9533,-77.366,77.5,90,99,2.06
348,Victoria,HK,2021-06-06 03:52:16,22.2855,114.1577,90.97,76,36,7.0
349,Kyra,RU,2021-06-06 03:54:45,49.5776,111.9753,80.69,22,20,15.43
350,Jiayuguan,CN,2021-06-06 03:54:46,39.8167,98.3,81.68,17,33,22.08
351,Sarandi,BR,2021-06-06 03:50:32,-23.4436,-51.8739,63.5,63,98,5.55
352,Petropavlovsk-Kamchatskiy,RU,2021-06-06 03:54:46,53.0452,158.6483,41.59,87,90,9.35
353,Eyemouth,GB,2021-06-06 03:54:47,55.8713,-2.0901,53.64,92,31,9.01
354,Shumskiy,RU,2021-06-06 03:54:47,54.8318,99.1328,55.13,47,100,13.02
355,Souillac,MU,2021-06-06 03:54:47,-20.5167,57.5167,73.36,94,75,0.92
356,Vilhena,BR,2021-06-06 03:54:48,-12.7406,-60.1458,67.64,70,100,1.99
357,Itaituba,BR,2021-06-06 03:50:12,-4.2761,-55.9836,74.82,87,66,2.24
358,Supaul,IN,2021-06-06 03:54:48,26.1167,86.6,95.77,41,60,1.61
359,Najran,SA,2021-06-06 03:54:49,17.4924,44.1277,75.85,26,0,5.26
360,Gazojak,TM,2021-06-06 03:54:49,41.1875,61.4036,96.12,15,0,3.0
361,Saint-Augustin,CA,2021-06-06 03:54:49,51.226,-58.6502,52.88,88,100,16.2
362,Buraydah,SA,2021-06-06 03:54:50,26.326,43.975,86.45,13,1,11.77
363,Lezajsk,PL,2021-06-06 03:54:50,50.2626,22.4193,55.65,91,5,4.5
364,Craig,US,2021-06-06 03:54:50,40.5153,-107.5464,64.02,86,100,6.49
365,Lata,PT,2021-06-06 03:54:31,40.1629,-8.3327,59.81,88,0,1.3
366,Juneau,US,2021-06-06 03:51:37,58.3019,-134.4197,53.22,91,90,3.0
367,Pemberton,CA,2021-06-06 03:54:51,50.3164,-122.8027,49.86,89,99,4.32
368,Zhovtneve,UA,2021-06-06 03:54:51,50.6637,24.2492,53.33,92,5,5.61
369,Dudinka,RU,2021-06-06 03:54:52,69.4058,86.1778,33.84,87,100,9.01
370,Hovd,MN,2021-06-06 03:54:52,48.0056,91.6419,53.91,18,8,13.91
371,Nkan,GA,2021-06-06 03:54:52,0.3833,9.7833,80.37,95,100,1.52
372,Krasnaya Gorka,RU,2021-06-06 03:54:53,55.1962,56.6673,61.59,52,1,3.11
373,Neiafu,TO,2021-06-06 03:54:53,-18.65,-173.9833,77.68,69,20,10.36
374,Karratha,AU,2021-06-06 03:54:53,-20.7377,116.8463,79.56,48,69,17.45
375,Neryungri,RU,2021-06-06 03:54:54,56.6709,124.6491,78.24,30,63,10.49
376,Orange Cove,US,2021-06-06 03:54:54,36.6244,-119.3137,89.65,17,45,6.4
377,Komsomolskiy,UZ,2021-06-06 03:54:54,40.4272,71.7189,93.92,14,0,6.91
378,Saldanha,ZA,2021-06-06 03:54:55,-33.0117,17.9442,65.75,34,29,20.78
379,Havelock,US,2021-06-06 03:54:55,34.8791,-76.9013,76.98,95,45,5.28
380,Ginir,ET,2021-06-06 03:54:55,7.1333,40.7,57.99,85,83,4.74
381,Nouadhibou,MR,2021-06-06 03:54:56,20.931,-17.0347,66.18,77,24,19.57
382,San Patricio,US,2021-06-06 03:54:56,28.017,-97.5169,82.26,85,0,7.09
383,Rorvik,NO,2021-06-06 03:54:56,64.8621,11.2373,53.51,82,71,2.57
384,Oranjemund,NA,2021-06-06 03:54:57,-28.55,16.4333,64.56,35,0,21.03
385,Boyolangu,ID,2021-06-06 03:54:57,-8.1181,111.8935,85.87,66,12,6.4
386,Port Lincoln,AU,2021-06-06 03:54:57,-34.7333,135.8667,66.06,55,39,18.72
387,Ruteng,ID,2021-06-06 03:54:58,-8.6136,120.4721,75.83,57,7,0.94
388,Kholm,RU,2021-06-06 03:54:58,59.2667,32.85,62.46,63,0,2.08
389,Bac Lieu,VN,2021-06-06 03:54:59,9.285,105.7244,89.85,61,100,15.95
390,Yakeshi,CN,2021-06-06 03:54:59,49.2833,120.7333,71.62,36,1,3.15
391,Xinxiang,CN,2021-06-06 03:55:00,35.3089,113.8672,99.79,13,1,6.15
392,Ingleside,US,2021-06-06 03:55:00,27.8778,-97.2117,82.4,82,40,1.99
393,Bathsheba,BB,2021-06-06 03:55:00,13.2167,-59.5167,81.21,65,40,17.05
394,Shirgaon,IN,2021-06-06 03:55:01,19.7,72.7,82.42,79,100,4.7
395,Lukovetskiy,RU,2021-06-06 03:55:01,64.2956,41.9211,51.78,60,100,8.68
396,Geraldton,AU,2021-06-06 03:55:01,-28.7667,114.6,71.13,49,0,9.6
397,Canutama,BR,2021-06-06 03:55:02,-6.5339,-64.3831,74.64,93,100,2.13
398,Tigre,AR,2021-06-06 03:55:02,-34.426,-58.5796,53.6,64,0,5.75
399,Acapulco,MX,2021-06-06 03:51:51,16.8634,-99.8901,82.4,76,80,4.43
400,Svetlogorsk,BY,2021-06-06 03:55:03,52.6333,29.7333,57.81,78,98,5.19
401,Bahir Dar,ET,2021-06-06 03:55:03,11.5936,37.3908,65.8,68,14,3.18
402,Tura,IN,2021-06-06 03:55:03,25.5198,90.2201,82.99,76,24,4.7
403,Baruun-Urt,MN,2021-06-06 03:51:51,46.6806,113.2792,76.89,15,17,7.63
404,Pokhara,NP,2021-06-06 03:55:04,28.2333,83.9833,87.17,45,57,5.17
405,Virginia Beach,US,2021-06-06 03:54:21,36.8529,-75.978,78.03,88,0,8.34
406,Wanning,CN,2021-06-06 03:55:04,18.8003,110.3967,85.37,74,64,5.77
407,Miandrivazo,MG,2021-06-06 03:55:05,-19.5167,45.4667,66.31,87,0,2.39
408,Wewak,PG,2021-06-06 03:55:05,-3.5534,143.6268,83.68,75,21,7.2
409,Calcinato,IT,2021-06-06 03:55:05,45.4572,10.4136,65.39,83,75,2.3
410,Qaqortoq,GL,2021-06-06 03:52:51,60.7167,-46.0333,39.31,88,100,5.19
411,Lagoa,PT,2021-06-06 03:55:06,39.05,-27.9833,62.91,88,99,10.33
412,Srandakan,ID,2021-06-06 03:55:06,-7.9386,110.2506,69.73,69,22,7.31
413,Udachnyy,RU,2021-06-06 03:55:07,66.4167,112.4,52.41,34,88,14.47
414,Vila Velha,BR,2021-06-06 03:55:07,-20.3297,-40.2925,69.94,95,90,1.99
415,Lake Cowichan,CA,2021-06-06 03:55:08,48.825,-124.0546,56.98,78,21,6.91
416,Malakal,SS,2021-06-06 03:55:08,9.5334,31.6605,79.45,63,12,4.05
417,Ulaangom,MN,2021-06-06 03:55:08,49.9811,92.0667,56.98,23,91,24.18
418,Ruston,US,2021-06-06 03:55:09,32.5232,-92.6379,72.5,88,90,8.05
419,Chokurdakh,RU,2021-06-06 03:55:09,70.6333,147.9167,36.68,78,100,17.9
420,Roseburg,US,2021-06-06 03:55:10,43.2165,-123.3417,61.29,71,10,4.76
421,Imbituba,BR,2021-06-06 03:51:48,-28.24,-48.6703,69.69,75,54,6.44
422,Sungurlu,TR,2021-06-06 03:55:10,40.1675,34.3739,52.9,77,44,1.19
423,Somerset,US,2021-06-06 03:55:10,40.5668,-74.5496,82.9,77,36,1.01
424,Linxia,CN,2021-06-06 03:55:11,35.6003,103.2064,74.19,27,100,8.5
425,Senneterre,CA,2021-06-06 03:55:11,48.3835,-77.2328,59.22,95,58,3.96
426,Nishihara,JP,2021-06-06 03:55:11,26.1842,127.7558,89.26,79,75,17.85
427,Praia,CV,2021-06-06 03:55:12,14.9215,-23.5087,73.94,68,0,21.85
428,Invermere,CA,2021-06-06 03:55:12,50.5167,-116.0354,49.3,90,100,3.0
429,Half Moon Bay,US,2021-06-06 03:53:17,37.4636,-122.4286,67.48,74,1,3.44
430,San Jose De Gracia,MX,2021-06-06 03:55:13,20.6667,-102.5833,66.43,59,85,3.4
431,San Pedro,PH,2021-06-06 03:55:13,14.35,121.0167,91.31,66,40,9.42
432,Tevriz,RU,2021-06-06 03:55:13,57.509,72.4042,68.94,46,70,11.86
433,Labuhan,ID,2021-06-06 03:55:14,-6.8844,112.2051,87.75,61,9,2.71
434,Krupina,SK,2021-06-06 03:55:14,48.3554,19.0647,59.83,95,7,3.18
435,Zabid,YE,2021-06-06 03:55:14,14.1951,43.3152,88.77,56,0,2.3
436,Grand Gaube,MU,2021-06-06 03:53:17,-20.0064,57.6608,72.37,89,66,1.01
437,Millau,FR,2021-06-06 03:55:15,44.0833,2.9167,50.4,96,87,3.22
438,Mhango,TZ,2021-06-06 03:55:15,-3.2833,32.85,66.07,62,99,8.93
439,Burgeo,CA,2021-06-06 03:55:15,47.6167,-57.6152,48.09,99,100,6.06
440,Antofagasta,CL,2021-06-06 03:55:16,-23.65,-70.4,58.28,81,42,4.18
441,San Juan De Uraba,CO,2021-06-06 03:55:16,8.7592,-76.5297,78.4,90,100,5.17
442,Broome,US,2021-06-06 03:55:17,42.2506,-75.833,70.66,74,76,2.95
443,Palmas,BR,2021-06-06 03:55:17,-10.2128,-48.3603,78.67,69,40,5.75
444,Yar-Sale,RU,2021-06-06 03:55:17,66.8333,70.8333,41.92,54,97,13.62
445,Balykshi,KZ,2021-06-06 03:55:18,47.0667,51.8667,66.2,45,40,13.42
446,Aktau,KZ,2021-06-06 03:55:18,43.65,51.2,68.58,67,23,22.77
447,Seydi,TM,2021-06-06 03:55:18,39.4816,62.9137,98.82,14,2,10.54
448,Painesville,US,2021-06-06 03:55:19,41.7245,-81.2457,73.81,66,1,7.99
449,Comodoro Rivadavia,AR,2021-06-06 03:53:00,-45.8667,-67.5,42.66,65,0,14.97
450,Shelbyville,US,2021-06-06 03:55:19,35.4834,-86.4603,74.28,58,1,1.01
451,Vostok,RU,2021-06-06 03:52:30,46.4856,135.8833,52.29,93,100,4.14
452,Ucluelet,CA,2021-06-06 03:50:58,48.9329,-125.5528,55.04,79,9,1.01
453,Kushima,JP,2021-06-06 03:55:20,31.4583,131.2333,74.71,70,100,5.01
454,Husavik,IS,2021-06-06 03:55:20,66.0449,-17.3389,46.31,76,67,6.82
455,Taoudenni,ML,2021-06-06 03:53:00,22.6783,-3.9836,95.59,18,89,20.45
456,Liverpool,GB,2021-06-06 03:55:21,53.4106,-2.9779,59.68,76,100,1.99
457,Peniche,PT,2021-06-06 03:55:21,39.3558,-9.3811,60.75,89,0,14.63
458,Bulancak,TR,2021-06-06 03:55:21,40.9372,38.2291,60.78,71,97,3.44
459,Caraubas,BR,2021-06-06 03:55:22,-5.7925,-37.5567,73.8,76,38,9.66
460,Diebougou,BF,2021-06-06 03:55:22,10.9667,-3.25,77.58,67,24,4.09
461,Lodja,CD,2021-06-06 03:55:02,-3.4833,23.4333,69.22,86,89,0.94
462,Nadvoitsy,RU,2021-06-06 03:55:23,63.8667,34.3167,57.83,62,100,6.73
463,Kayanga,TZ,2021-06-06 03:55:23,-1.5303,31.1511,60.42,79,96,3.09
464,Margherita,IN,2021-06-06 03:55:23,27.2833,95.6833,72.88,97,100,0.25
465,Farafangana,MG,2021-06-06 03:55:24,-22.8167,47.8333,67.55,79,70,14.63
466,Torbay,CA,2021-06-06 03:55:24,47.6666,-52.7314,54.37,96,90,13.8
467,Garissa,KE,2021-06-06 03:55:25,-0.4536,39.6401,73.78,83,55,15.59
468,Belmonte,BR,2021-06-06 03:55:25,-15.8631,-38.8828,73.9,88,48,7.38
469,Bay-Khaak,RU,2021-06-06 03:55:25,51.1667,94.5,42.98,76,100,13.56
470,Magistralnyy,RU,2021-06-06 03:55:26,56.1725,107.4458,47.98,95,100,10.76
471,Banyo,CM,2021-06-06 03:55:26,6.75,11.8167,62.51,94,70,1.72
472,Wattens,AT,2021-06-06 03:55:26,47.2722,11.5993,57.49,93,75,1.99
473,Bjerringbro,DK,2021-06-06 03:55:27,56.378,9.6607,58.5,80,73,4.79
474,Vila,PT,2021-06-06 03:55:27,42.0304,-8.1588,49.33,86,0,3.94
475,Luanda,AO,2021-06-06 03:54:52,-8.8368,13.2343,77.0,83,75,2.3
476,Nuuk,GL,2021-06-06 03:55:28,64.1835,-51.7216,41.88,75,100,11.99
477,Pangoa,PE,2021-06-06 03:55:28,-12.1167,-73.0,68.18,98,95,2.44
478,Floro,NO,2021-06-06 03:55:28,61.5996,5.0328,58.23,100,75,0.0
479,Zyryanovsk,KZ,2021-06-06 03:55:29,49.7386,84.2719,55.85,51,23,2.77
480,Kousseri,CM,2021-06-06 03:55:30,12.0769,15.0306,80.56,69,100,8.05
481,Malanje,AO,2021-06-06 03:55:30,-9.5402,16.341,55.89,49,100,3.8
482,Bay City,US,2021-06-06 03:55:30,43.5945,-83.8889,77.56,59,1,11.39
483,Dinar,TR,2021-06-06 03:55:31,38.065,30.1656,51.76,66,0,4.05
484,Dingle,PH,2021-06-06 03:55:31,10.9995,122.6711,84.47,73,100,9.19
485,Kununurra,AU,2021-06-06 03:52:31,-15.7667,128.7333,82.38,24,55,9.22
486,Shiraz,IR,2021-06-06 03:55:31,29.6036,52.5388,83.64,13,0,0.0
487,Chimoio,MZ,2021-06-06 03:55:32,-19.1164,33.4833,51.66,100,20,5.21
488,Aljezur,PT,2021-06-06 03:55:32,37.3191,-8.8033,57.7,68,0,7.63
489,Labuan,MY,2021-06-06 03:55:32,5.2767,115.2417,86.16,83,40,3.0
490,Tazmalt,DZ,2021-06-06 03:55:33,36.3868,4.3989,68.25,92,89,5.53
491,Vestmanna,FO,2021-06-06 03:55:33,62.1564,-7.1664,47.32,100,90,8.77
492,Binabalian,PH,2021-06-06 03:55:33,16.4202,119.9279,86.04,68,100,6.89
493,Sao Geraldo Do Araguaia,BR,2021-06-06 03:55:34,-6.4006,-48.555,76.84,72,94,2.13
494,Muisne,EC,2021-06-06 03:55:34,0.6,-80.0333,76.42,87,98,9.17
495,Alice Springs,AU,2021-06-06 03:55:34,-23.7,133.8833,74.21,21,0,11.99
496,Kwinana,AU,2021-06-06 03:55:35,-32.25,115.7667,71.82,75,31,15.93
497,Leningradskiy,RU,2021-06-06 03:55:35,69.3833,178.4167,37.44,93,100,12.28
498,Mayo,US,2021-06-06 03:55:35,38.8876,-76.5119,78.58,83,0,1.01
499,Kirkwood,US,2021-06-06 03:55:36,38.5834,-90.4068,78.28,70,100,1.01
500,Plouzane,FR,2021-06-06 03:55:36,48.3833,-4.6167,57.52,94,90,6.96
501,Pimentel,PE,2021-06-06 03:55:36,-6.8367,-79.9342,66.99,85,100,9.53
502,Turukhansk,RU,2021-06-06 03:55:37,65.8167,87.9833,33.26,84,100,14.56
503,Pitimbu,BR,2021-06-06 03:55:37,-7.4706,-34.8086,75.79,86,86,9.04
504,Bam,IR,2021-06-06 03:55:37,29.106,58.357,100.29,5,0,7.02
505,Obidos,BR,2021-06-06 03:55:38,-1.9175,-55.5181,74.75,84,33,3.96
506,Sistranda,NO,2021-06-06 03:55:38,63.7256,8.834,53.91,85,100,2.93
507,Te Horo,NZ,2021-06-06 03:55:39,-40.8084,175.1233,62.85,74,100,1.01
508,Talara,PE,2021-06-06 03:55:39,-4.5772,-81.2719,67.17,87,99,12.95
509,Aguas Vermelhas,BR,2021-06-06 03:55:39,-15.7472,-41.46,58.93,99,24,2.44
510,Mountain Home,US,2021-06-06 03:55:40,43.133,-115.6912,78.28,10,1,28.27
511,Dukat,RU,2021-06-06 03:55:40,62.55,155.55,46.62,69,64,11.95
512,Tonj,SS,2021-06-06 03:55:40,7.2737,28.6822,68.59,94,76,1.9
513,Lima,PE,2021-06-06 03:52:22,-12.0432,-77.0282,62.85,85,90,5.75
514,Sola,VU,2021-06-06 03:53:49,-13.8833,167.55,86.67,70,75,8.05
515,Ubauro,PK,2021-06-06 03:55:41,28.1652,69.7289,96.87,35,0,12.37
516,Rancho Palos Verdes,US,2021-06-06 03:52:29,33.7445,-118.387,71.94,87,3,4.0
517,Phalombe,MW,2021-06-06 03:55:41,-15.8064,35.6507,53.37,95,31,4.74
518,Beringovskiy,RU,2021-06-06 03:55:42,63.05,179.3167,39.56,86,66,3.62
519,Sao Joao Da Barra,BR,2021-06-06 03:55:42,-21.6403,-41.0511,71.96,89,0,9.44
520,Snezhnogorsk,RU,2021-06-06 03:55:42,69.1933,33.2531,44.38,62,53,8.77
521,Pleasanton,US,2021-06-06 03:55:43,37.6624,-121.8747,66.51,68,25,6.24
522,Puerto Quijarro,BO,2021-06-06 03:55:43,-17.7833,-57.7667,75.51,45,100,2.17
523,Roald,NO,2021-06-06 03:54:19,62.5833,6.1333,62.17,94,90,2.3
524,Shahr-E Babak,IR,2021-06-06 03:55:43,30.1165,55.1186,85.03,9,0,1.95
525,Riachao Das Neves,BR,2021-06-06 03:52:27,-11.7461,-44.91,69.42,58,100,0.89
526,Palmer,US,2021-06-06 03:55:44,42.1584,-72.3287,76.01,79,75,4.9
527,Le Port,RE,2021-06-06 03:55:44,-20.9373,55.2919,73.4,92,80,4.18
528,Lokoja,NG,2021-06-06 03:55:45,7.8024,6.743,73.63,96,79,4.32
529,Ranot,TH,2021-06-06 03:55:45,7.7777,100.3213,86.7,66,100,13.91
530,Mto Wa Mbu,TZ,2021-06-06 03:55:46,-3.35,35.85,62.94,92,95,3.6
531,Southbridge,US,2021-06-06 03:55:46,42.0751,-72.0334,75.6,84,32,6.53
532,Julio De Castilhos,BR,2021-06-06 03:55:46,-29.2269,-53.6817,57.58,98,100,4.99
533,Rundu,NA,2021-06-06 03:55:47,-17.9333,19.7667,42.04,63,8,7.11
534,Rio Grande,BR,2021-06-06 03:53:41,-32.035,-52.0986,58.95,94,100,11.81
535,Sao Filipe,CV,2021-06-06 03:55:47,14.8961,-24.4956,77.63,64,100,10.49
536,Abu Dhabi,AE,2021-06-06 03:55:34,24.4667,54.3667,87.82,79,0,5.95
537,Kaeo,NZ,2021-06-06 03:55:48,-35.1,173.7833,62.33,92,100,16.58
538,Saint-Joseph,RE,2021-06-06 03:55:48,-21.3667,55.6167,72.21,82,53,2.04
539,Mormugao,IN,2021-06-06 03:55:48,15.4,73.8,82.15,74,99,6.2
540,Weihai,CN,2021-06-06 03:55:49,37.5017,122.1136,79.99,37,6,7.96
541,Ahuimanu,US,2021-06-06 03:52:09,21.4447,-157.8378,83.91,66,75,16.11
542,Sao Jose Da Coroa Grande,BR,2021-06-06 03:55:49,-8.8978,-35.1478,75.51,85,8,10.0
543,Mazatlan,MX,2021-06-06 03:55:25,23.2167,-106.4167,83.91,85,4,1.99
544,Fort Saint James,CA,2021-06-06 03:55:50,54.4333,-124.25,50.83,43,45,9.51
545,Along,IN,2021-06-06 03:55:50,28.1667,94.7667,80.19,74,97,2.44
546,Lexington,US,2021-06-06 03:52:26,37.9887,-84.4777,70.99,77,1,4.03
