City_ID,City,Lat,Lng,Max Temp,Humidity,Cloudiness,Wind Speed,Country,Date,Current Weather Conditions
0,Tuktoyaktuk,69.4541,-133.0374,33.8,69,90,8.05,CA,2021-06-06 19:45:41,overcast clouds
1,Kapaa,22.0752,-159.319,82.38,76,90,4.0,US,2021-06-06 19:45:41,overcast clouds
2,New Norfolk,-42.7826,147.0587,53.1,82,100,1.01,AU,2021-06-06 19:45:42,overcast clouds
3,Albany,42.6001,-73.9662,92.44,42,59,1.99,US,2021-06-06 19:45:42,broken clouds
4,Pangody,65.85,74.4859,34.12,74,20,8.43,RU,2021-06-06 19:45:42,few clouds
5,Wexford,52.3342,-6.4575,58.55,84,87,2.98,IE,2021-06-06 19:45:43,overcast clouds
6,Jamestown,42.097,-79.2353,85.32,50,1,9.22,US,2021-06-06 19:40:52,clear sky
7,Mount Gambier,-37.8333,140.7667,55.31,71,75,14.97,AU,2021-06-06 19:45:44,broken clouds
8,Saskylakh,71.9167,114.0833,36.36,68,63,4.52,RU,2021-06-06 19:45:44,broken clouds
9,Rikitea,-23.1203,-134.9692,76.86,84,96,15.68,PF,2021-06-06 19:45:45,overcast clouds
10,Bambous Virieux,-20.3428,57.7575,73.65,83,40,11.88,MU,2021-06-06 19:45:45,scattered clouds
11,Homer,59.6425,-151.5483,60.04,71,1,9.22,US,2021-06-06 19:45:45,clear sky
12,Kodiak,57.79,-152.4072,54.32,56,17,6.67,US,2021-06-06 19:45:46,few clouds
13,Cape Town,-33.9258,18.4232,69.12,25,0,10.22,ZA,2021-06-06 19:43:14,clear sky
14,Havre-Saint-Pierre,50.2334,-63.5986,61.16,41,1,14.97,CA,2021-06-06 19:45:46,clear sky
15,Vardo,70.3705,31.1107,43.0,65,20,8.05,NO,2021-06-06 19:45:46,few clouds
16,Vaini,-21.2,-175.2,73.56,88,20,8.05,TO,2021-06-06 19:41:13,few clouds
17,Sambava,-14.2667,50.1667,71.83,88,38,10.47,MG,2021-06-06 19:42:08,scattered clouds
18,Bredasdorp,-34.5322,20.0403,47.52,66,5,6.35,ZA,2021-06-06 19:41:15,clear sky
19,Hermanus,-34.4187,19.2345,67.89,42,0,11.32,ZA,2021-06-06 19:45:47,clear sky
20,Ushuaia,-54.8,-68.3,38.86,81,75,0.0,AR,2021-06-06 19:45:48,broken clouds
21,Thompson,55.7435,-97.8558,62.76,72,75,5.75,CA,2021-06-06 19:43:03,broken clouds
22,Atuona,-9.8,-139.0333,79.66,65,63,7.4,PF,2021-06-06 19:45:48,broken clouds
23,Taormina,37.8536,15.2885,76.86,64,100,4.14,IT,2021-06-06 19:45:49,overcast clouds
24,Puerto Ayora,-0.7393,-90.3518,82.36,88,30,7.0,EC,2021-06-06 19:45:49,scattered clouds
25,Comodoro Rivadavia,-45.8667,-67.5,53.46,43,0,13.8,AR,2021-06-06 19:45:49,clear sky
26,Kaitangata,-46.2817,169.8464,46.42,80,98,1.5,NZ,2021-06-06 19:45:50,overcast clouds
27,Naze,28.3667,129.4833,69.48,91,100,2.98,JP,2021-06-06 19:45:50,overcast clouds
28,Parsabad,39.6482,47.9174,66.52,82,40,11.5,IR,2021-06-06 19:45:51,scattered clouds
29,Shingu,33.7333,135.9833,68.23,82,100,5.1,JP,2021-06-06 19:41:21,overcast clouds
30,Chipinge,-20.1883,32.6236,52.09,87,93,3.8,ZW,2021-06-06 19:45:51,overcast clouds
31,Kudahuvadhoo,2.6708,72.8944,82.96,75,86,14.14,MV,2021-06-06 19:45:51,overcast clouds
32,Quatre Cocos,-20.2078,57.7625,73.51,82,22,11.56,MU,2021-06-06 19:45:52,few clouds
33,Hamilton,39.1834,-84.5333,84.9,65,40,1.99,US,2021-06-06 19:44:24,scattered clouds
34,Stephenville Crossing,48.5,-58.4318,59.13,51,20,17.27,CA,2021-06-06 19:45:52,few clouds
35,Qaanaaq,77.484,-69.3632,40.37,84,40,5.28,GL,2021-06-06 19:45:53,scattered clouds
36,Dunedin,-45.8742,170.5036,44.8,87,95,1.01,NZ,2021-06-06 19:45:53,overcast clouds
37,Oktyabrskiy,54.4815,53.471,55.87,75,6,1.34,RU,2021-06-06 19:41:08,clear sky
38,Neuquen,-38.9516,-68.0591,55.29,47,0,6.91,AR,2021-06-06 19:45:54,clear sky
39,Longyearbyen,78.2186,15.6401,40.84,65,0,19.57,SJ,2021-06-06 19:42:42,clear sky
40,Isangel,-19.55,169.2667,71.6,65,100,10.98,VU,2021-06-06 19:45:54,overcast clouds
41,Provideniya,64.3833,-173.3,37.51,75,0,4.47,RU,2021-06-06 19:45:54,clear sky
42,Busselton,-33.65,115.3333,48.09,74,0,8.03,AU,2021-06-06 19:40:57,clear sky
43,Punta Arenas,-53.15,-70.9167,42.91,70,0,12.26,CL,2021-06-06 19:44:15,clear sky
44,General Roca,-39.0333,-67.5833,55.8,39,100,11.83,AR,2021-06-06 19:42:43,overcast clouds
45,Upernavik,72.7868,-56.1549,37.62,85,62,2.68,GL,2021-06-06 19:45:55,broken clouds
46,Torbay,47.6666,-52.7314,45.88,88,90,20.71,CA,2021-06-06 19:45:55,overcast clouds
47,Mount Isa,-20.7333,139.5,44.37,65,0,1.14,AU,2021-06-06 19:45:56,clear sky
48,Pangnirtung,66.1451,-65.7125,41.0,70,75,10.36,CA,2021-06-06 19:45:56,broken clouds
49,Nakonde,-9.3421,32.745,52.02,96,12,6.93,ZM,2021-06-06 19:45:56,few clouds
50,Guerrero Negro,27.9769,-114.0611,72.81,53,84,12.95,MX,2021-06-06 19:45:57,broken clouds
51,Inhambane,-23.865,35.3833,66.18,72,20,7.0,MZ,2021-06-06 19:45:57,light rain
52,Zwedru,6.0667,-8.1281,74.03,96,43,5.59,LR,2021-06-06 19:45:58,scattered clouds
53,Ust-Nera,64.5667,143.2,59.18,76,100,5.66,RU,2021-06-06 19:45:58,overcast clouds
54,Saint-Philippe,-21.3585,55.7679,69.35,85,70,12.68,RE,2021-06-06 19:45:58,light rain
55,Hilo,19.7297,-155.09,81.28,68,90,3.44,US,2021-06-06 19:45:59,light rain
56,Lavrentiya,65.5833,-171.0,35.04,81,99,5.03,RU,2021-06-06 19:41:52,overcast clouds
57,Georgetown,5.4112,100.3354,80.53,88,20,3.0,MY,2021-06-06 19:41:55,few clouds
58,Nong Kung Si,16.65,103.3,82.56,89,100,6.2,TH,2021-06-06 19:45:59,overcast clouds
59,Eydhafushi,5.1033,73.0708,82.83,76,100,15.43,MV,2021-06-06 19:46:00,overcast clouds
60,Jijiga,9.35,42.8,65.52,71,72,9.4,ET,2021-06-06 19:46:00,broken clouds
61,Sept-Iles,50.2001,-66.3821,59.52,67,75,5.01,CA,2021-06-06 19:44:41,broken clouds
62,Mataura,-46.1927,168.8643,43.38,87,88,2.24,NZ,2021-06-06 19:46:01,overcast clouds
63,Mandurah,-32.55,115.7,50.99,77,28,12.62,AU,2021-06-06 19:46:01,scattered clouds
64,Codrington,-38.2667,141.9667,55.99,65,100,19.66,AU,2021-06-06 19:46:02,overcast clouds
65,Khatanga,71.9667,102.5,32.61,94,97,5.48,RU,2021-06-06 19:46:02,overcast clouds
66,Ilulissat,69.2167,-51.1,42.82,70,94,4.61,GL,2021-06-06 19:46:02,overcast clouds
67,Bluff,-46.6,168.3333,46.9,84,76,9.33,NZ,2021-06-06 19:46:03,broken clouds
68,Hithadhoo,-0.6,73.0833,83.03,74,8,13.85,MV,2021-06-06 19:46:03,clear sky
69,Blagnac,43.6328,1.394,68.14,61,0,10.36,FR,2021-06-06 19:46:03,clear sky
70,Lorengau,-2.0226,147.2712,79.9,78,96,4.07,PG,2021-06-06 19:46:04,overcast clouds
71,Tynset,62.2759,10.7824,55.02,81,97,8.52,NO,2021-06-06 19:46:04,overcast clouds
72,Springdale,36.1867,-94.1288,80.71,69,75,8.99,US,2021-06-06 19:41:36,broken clouds
73,Port Blair,11.6667,92.75,83.88,78,100,11.45,IN,2021-06-06 19:46:05,overcast clouds
74,Sudova Vyshnya,49.7889,23.3722,60.19,83,13,2.98,UA,2021-06-06 19:46:05,few clouds
75,Pacific Grove,36.6177,-121.9166,72.77,73,40,5.99,US,2021-06-06 19:46:06,scattered clouds
76,Nanortalik,60.1432,-45.2371,45.99,68,100,14.56,GL,2021-06-06 19:41:19,overcast clouds
77,Kalianget,-7.05,113.9333,79.38,81,23,3.74,ID,2021-06-06 19:46:06,few clouds
78,Mackenzie,55.2999,-123.1698,55.62,50,1,10.36,CA,2021-06-06 19:42:45,clear sky
79,Klyuchi,52.2667,79.1667,59.9,48,0,4.34,RU,2021-06-06 19:46:07,clear sky
80,Barrow,71.2906,-156.7887,30.22,93,90,12.66,US,2021-06-06 19:46:07,mist
81,Kruisfontein,-34.0033,24.7314,62.89,21,0,9.04,ZA,2021-06-06 19:46:07,clear sky
82,Port Elizabeth,-33.918,25.5701,65.1,93,20,2.3,ZA,2021-06-06 19:46:08,few clouds
83,Chokurdakh,70.6333,147.9167,36.84,76,100,6.85,RU,2021-06-06 19:46:08,overcast clouds
84,Ibra,22.6906,58.5334,80.02,77,0,5.57,OM,2021-06-06 19:46:09,clear sky
85,Bonnyville,54.2668,-110.735,65.52,48,100,13.04,CA,2021-06-06 19:45:14,overcast clouds
86,Trairi,-3.2778,-39.2689,81.03,75,21,8.12,BR,2021-06-06 19:43:47,few clouds
87,Dikson,73.5069,80.5464,30.0,88,100,9.98,RU,2021-06-06 19:41:29,overcast clouds
88,Middle Island,40.8843,-72.9373,93.88,58,1,10.36,US,2021-06-06 19:46:09,clear sky
89,Chernyshevskiy,63.0128,112.4714,38.07,73,9,13.33,RU,2021-06-06 19:46:10,clear sky
90,Marataizes,-21.0433,-40.8244,75.22,80,100,16.64,BR,2021-06-06 19:46:10,overcast clouds
91,Dingle,10.9995,122.6711,75.72,86,100,1.61,PH,2021-06-06 19:42:23,light rain
92,Abaza,52.655,90.0928,43.56,96,66,4.81,RU,2021-06-06 19:46:11,broken clouds
93,Urumqi,43.801,87.6005,59.95,48,0,3.4,CN,2021-06-06 19:46:11,clear sky
94,Bengkulu,-3.8004,102.2655,73.85,90,49,4.45,ID,2021-06-06 19:46:11,scattered clouds
95,Shimoda,34.6667,138.95,68.11,86,87,9.44,JP,2021-06-06 19:46:12,overcast clouds
96,Mujiayingzi,42.1167,118.7833,61.81,51,100,5.5,CN,2021-06-06 19:46:12,overcast clouds
97,Ust-Kuyga,70.0167,135.6,45.03,62,5,4.29,RU,2021-06-06 19:46:12,clear sky
98,Usinsk,65.9939,57.5281,39.34,62,68,9.35,RU,2021-06-06 19:46:13,broken clouds
99,Arraial Do Cabo,-22.9661,-42.0278,80.56,73,0,11.5,BR,2021-06-06 19:46:13,clear sky
100,Pevek,69.7008,170.3133,47.1,70,41,13.58,RU,2021-06-06 19:46:13,scattered clouds
101,Mar Del Plata,-38.0023,-57.5575,57.22,61,0,1.01,AR,2021-06-06 19:41:32,clear sky
102,Anshun,26.25,105.9333,62.31,71,61,0.98,CN,2021-06-06 19:46:14,broken clouds
103,Yuzhno-Kurilsk,44.0306,145.8556,51.28,89,66,5.79,RU,2021-06-06 19:46:14,broken clouds
104,Ribeira Grande,38.5167,-28.7,68.4,77,40,10.36,PT,2021-06-06 19:46:15,scattered clouds
105,Haines Junction,60.7522,-137.5108,51.75,76,100,4.61,CA,2021-06-06 19:41:33,overcast clouds
106,Luganville,-15.5333,167.1667,76.87,83,100,9.51,VU,2021-06-06 19:46:15,overcast clouds
107,Cobija,-11.0267,-68.7692,85.35,55,92,1.7,BO,2021-06-06 19:46:15,overcast clouds
108,Erenhot,43.6475,111.9767,67.51,42,100,4.07,CN,2021-06-06 19:46:16,overcast clouds
109,Kamenka,51.3223,42.7678,56.01,91,72,5.55,RU,2021-06-06 19:46:16,broken clouds
110,Hovd,48.0056,91.6419,46.15,43,6,5.28,MN,2021-06-06 19:46:17,clear sky
111,Tasiilaq,65.6145,-37.6368,44.76,90,97,3.29,GL,2021-06-06 19:46:17,overcast clouds
112,Bouna,9.2667,-3.0,78.13,72,50,6.4,CI,2021-06-06 19:46:18,moderate rain
113,Avarua,-21.2078,-159.775,73.45,68,75,3.44,CK,2021-06-06 19:46:18,broken clouds
114,Tiksi,71.6872,128.8694,43.99,65,100,6.42,RU,2021-06-06 19:46:18,overcast clouds
115,Airai,-8.9266,125.4092,55.06,82,69,2.75,TL,2021-06-06 19:46:19,broken clouds
116,Lagoa,39.05,-27.9833,64.04,90,100,12.8,PT,2021-06-06 19:46:19,overcast clouds
117,Yellowknife,62.456,-114.3525,48.72,57,75,3.0,CA,2021-06-06 19:45:15,broken clouds
118,Zhezkazgan,47.8043,67.7144,64.09,26,100,10.13,KZ,2021-06-06 19:46:19,overcast clouds
119,Castro,-24.7911,-50.0119,66.45,66,99,4.12,BR,2021-06-06 19:41:34,moderate rain
120,Victoria,22.2855,114.1577,82.33,85,39,4.0,HK,2021-06-06 19:42:51,scattered clouds
121,Kenai,60.5544,-151.2583,62.69,48,1,6.91,US,2021-06-06 19:46:20,clear sky
122,Port Alfred,-33.5906,26.891,65.52,36,0,8.14,ZA,2021-06-06 19:41:21,clear sky
123,Poum,-20.2333,164.0167,72.18,61,55,15.5,NC,2021-06-06 19:46:21,broken clouds
124,Kazachinskoye,57.6953,93.2761,55.8,93,100,14.14,RU,2021-06-06 19:46:21,light rain
125,Norman Wells,65.282,-126.8329,50.04,76,90,10.36,CA,2021-06-06 19:46:21,overcast clouds
126,Asau,46.4333,26.4,56.32,85,6,4.27,RO,2021-06-06 19:46:22,clear sky
127,Luderitz,-26.6481,15.1594,67.48,36,0,5.5,NA,2021-06-06 19:46:22,clear sky
128,Kachiry,53.0675,76.1036,58.96,41,0,2.15,KZ,2021-06-06 19:46:22,clear sky
129,Vila Velha,-20.3297,-40.2925,78.75,74,20,7.0,BR,2021-06-06 19:41:26,few clouds
130,Vallenar,-28.5708,-70.7581,73.44,34,0,6.22,CL,2021-06-06 19:46:23,clear sky
131,Fortuna,40.5982,-124.1573,67.42,61,40,3.0,US,2021-06-06 19:46:23,scattered clouds
132,Berlevag,70.8578,29.0864,41.0,65,20,6.91,NO,2021-06-06 19:46:23,few clouds
133,Makakilo City,21.3469,-158.0858,80.92,56,20,10.36,US,2021-06-06 19:43:14,light rain
134,Saint Anthony,45.0205,-93.218,91.83,39,1,5.99,US,2021-06-06 19:46:24,clear sky
135,East London,-33.0153,27.9116,63.3,41,0,9.78,ZA,2021-06-06 19:46:24,clear sky
136,Santa Isabel,-23.3156,-46.2214,80.38,63,65,1.63,BR,2021-06-06 19:46:25,broken clouds
137,Tessalit,20.1986,1.0114,96.84,13,89,7.58,ML,2021-06-06 19:46:25,overcast clouds
138,Tomatlan,19.9333,-105.25,93.78,41,55,12.44,MX,2021-06-06 19:46:25,broken clouds
139,Tuatapere,-46.1333,167.6833,40.93,92,22,4.54,NZ,2021-06-06 19:44:19,few clouds
140,Anau,-16.5167,-151.7333,80.73,75,59,10.8,PF,2021-06-06 19:46:26,broken clouds
141,Kuloy,61.0305,42.4925,61.56,73,92,4.94,RU,2021-06-06 19:46:26,overcast clouds
142,Hambantota,6.1241,81.1185,79.66,85,100,15.28,LK,2021-06-06 19:46:27,overcast clouds
143,Sao Filipe,14.8961,-24.4956,75.92,68,7,6.98,CV,2021-06-06 19:46:27,clear sky
144,Rodrigues Alves,-7.738,-72.6509,79.0,87,98,0.2,BR,2021-06-06 19:46:27,overcast clouds
145,Port-Gentil,-0.7193,8.7815,78.76,89,40,9.22,GA,2021-06-06 19:46:28,scattered clouds
146,Tawau,4.2498,117.8871,75.33,94,100,1.01,MY,2021-06-06 19:46:28,overcast clouds
147,Holme,56.1138,10.1725,63.97,80,100,5.64,DK,2021-06-06 19:46:28,overcast clouds
148,Praia,14.9215,-23.5087,77.54,69,20,21.85,CV,2021-06-06 19:46:29,few clouds
149,Faanui,-16.4833,-151.75,80.8,75,56,10.74,PF,2021-06-06 19:46:29,broken clouds
150,Chuy,-33.6971,-53.4616,54.05,75,100,5.06,UY,2021-06-06 19:41:48,overcast clouds
151,Qasigiannguit,68.8193,-51.1922,43.05,79,80,3.96,GL,2021-06-06 19:46:29,broken clouds
152,Ornskoldsvik,63.2909,18.7153,62.42,77,99,0.94,SE,2021-06-06 19:46:30,overcast clouds
153,Itoman,26.1247,127.6694,75.97,94,75,10.36,JP,2021-06-06 19:46:30,broken clouds
154,Faya,18.3851,42.4509,75.31,52,9,0.38,SA,2021-06-06 19:41:44,clear sky
155,Ketchikan,55.3422,-131.6461,52.27,82,90,12.66,US,2021-06-06 19:46:31,light rain
156,Cherskiy,68.75,161.3,64.29,42,100,17.11,RU,2021-06-06 19:46:31,overcast clouds
157,Mutum,-19.8,-41.4383,75.54,60,99,2.8,BR,2021-06-06 19:46:31,overcast clouds
158,Port Hardy,50.6996,-127.4199,53.78,87,90,10.36,CA,2021-06-06 19:42:42,overcast clouds
159,Mahebourg,-20.4081,57.7,73.69,83,40,9.22,MU,2021-06-06 19:46:32,scattered clouds
160,Butaritari,3.0707,172.7902,82.22,72,20,5.1,KI,2021-06-06 19:46:32,light rain
161,Pekan,3.4836,103.3996,77.11,87,99,5.88,MY,2021-06-06 19:46:32,overcast clouds
162,Lebu,-37.6167,-73.65,51.75,70,100,2.71,CL,2021-06-06 19:46:33,light rain
163,Bathsheba,13.2167,-59.5167,86.61,58,40,19.73,BB,2021-06-06 19:46:33,scattered clouds
164,Taltal,-25.4,-70.4833,63.82,71,17,4.38,CL,2021-06-06 19:46:33,few clouds
165,Leesburg,39.1157,-77.5636,95.11,44,40,1.01,US,2021-06-06 19:46:34,scattered clouds
166,Veinticinco De Mayo,-35.4323,-60.1727,57.06,52,99,4.0,AR,2021-06-06 19:46:34,overcast clouds
167,Kargasok,59.0556,80.8572,52.65,96,100,8.75,RU,2021-06-06 19:46:34,overcast clouds
168,Conceicao Do Araguaia,-8.2578,-49.2647,89.73,43,0,1.92,BR,2021-06-06 19:43:13,clear sky
169,Waingapu,-9.6567,120.2641,76.37,87,52,6.85,ID,2021-06-06 19:46:35,broken clouds
170,Birao,10.2849,22.7882,82.06,55,57,3.58,CF,2021-06-06 19:46:35,broken clouds
171,Boden,65.8252,21.6886,69.8,58,31,1.59,SE,2021-06-06 19:46:36,scattered clouds
172,Sabinas Hidalgo,26.5,-100.1667,104.86,18,0,7.83,MX,2021-06-06 19:46:36,clear sky
173,Galle,6.0367,80.217,80.42,83,100,11.1,LK,2021-06-06 19:46:36,overcast clouds
174,Duldurga,50.6761,113.5931,54.99,72,93,4.92,RU,2021-06-06 19:46:37,overcast clouds
175,Bethel,41.3712,-73.414,94.95,45,1,1.01,US,2021-06-06 19:46:37,clear sky
176,Batagay,67.6333,134.6333,49.14,48,61,3.06,RU,2021-06-06 19:46:37,broken clouds
177,Asyut,27.181,31.1837,80.78,19,8,12.03,EG,2021-06-06 19:46:38,clear sky
178,Iqaluit,63.7506,-68.5145,37.13,69,75,4.0,CA,2021-06-06 19:45:16,broken clouds
179,Toora-Khem,52.4675,96.11,40.69,87,100,1.88,RU,2021-06-06 19:46:38,overcast clouds
180,Khani,41.9563,42.9566,51.37,99,93,0.27,GE,2021-06-06 19:46:38,overcast clouds
181,Urengoy,65.9667,78.3667,33.19,77,51,7.2,RU,2021-06-06 19:46:39,broken clouds
182,Hami,42.8,93.45,66.81,14,37,13.76,CN,2021-06-06 19:46:39,scattered clouds
183,Sitka,57.0531,-135.33,51.69,71,90,6.91,US,2021-06-06 19:46:40,light rain
184,Portland,45.5234,-122.6762,61.52,62,90,4.0,US,2021-06-06 19:44:43,overcast clouds
185,Bon Air,37.5249,-77.5578,94.71,50,100,1.99,US,2021-06-06 19:46:40,overcast clouds
186,Kamaishi,39.2667,141.8833,63.41,78,100,6.78,JP,2021-06-06 19:46:40,overcast clouds
187,Kodinsk,58.6881,99.1844,40.08,77,23,4.09,RU,2021-06-06 19:46:41,few clouds
188,Kamyshin,50.0983,45.416,60.58,77,55,4.54,RU,2021-06-06 19:43:28,broken clouds
189,Acajutla,13.5928,-89.8275,97.14,66,79,6.24,SV,2021-06-06 19:45:56,broken clouds
190,San Quintin,30.4833,-115.95,66.4,62,17,11.95,MX,2021-06-06 19:42:19,few clouds
191,Hokitika,-42.7167,170.9667,54.64,87,100,6.22,NZ,2021-06-06 19:46:41,light rain
192,Porbandar,21.6422,69.6093,84.99,68,5,11.65,IN,2021-06-06 19:46:42,clear sky
193,Katherine,-14.4667,132.2667,59.32,77,82,6.29,AU,2021-06-06 19:46:42,broken clouds
194,Carnarvon,-24.8667,113.6333,59.07,82,100,6.91,AU,2021-06-06 19:46:43,overcast clouds
195,San Patricio,28.017,-97.5169,91.81,65,10,17.78,US,2021-06-06 19:42:09,clear sky
196,Linxia,35.6003,103.2064,55.02,76,99,5.64,CN,2021-06-06 19:46:43,overcast clouds
197,Monroe,43.1501,-77.6831,89.22,41,40,13.8,US,2021-06-06 19:46:44,scattered clouds
198,Tura,25.5198,90.2201,72.93,97,76,6.06,IN,2021-06-06 19:46:44,light rain
199,Tobane,-21.95,27.9,55.54,61,1,9.22,BW,2021-06-06 19:46:44,clear sky
200,Talcahuano,-36.7167,-73.1167,55.08,58,75,3.44,CL,2021-06-06 19:46:45,light rain
201,Tutoia,-2.7619,-42.2744,87.78,73,61,6.24,BR,2021-06-06 19:46:45,broken clouds
202,Yaroslavl,57.6299,39.8737,58.8,88,0,2.46,RU,2021-06-06 19:46:45,clear sky
203,Shevchenkove,49.6959,37.1735,58.78,93,20,6.78,UA,2021-06-06 19:46:46,few clouds
204,Namibe,-15.1961,12.1522,73.92,62,47,5.84,AO,2021-06-06 19:45:40,scattered clouds
205,Prainha,-1.8,-53.48,85.19,65,93,2.93,BR,2021-06-06 19:46:46,overcast clouds
206,Manggar,-2.8833,108.2667,81.91,77,100,9.62,ID,2021-06-06 19:46:46,overcast clouds
207,Landshut,48.5333,12.15,63.99,96,100,5.73,DE,2021-06-06 19:46:47,overcast clouds
208,Dubbo,-32.25,148.6167,33.93,100,11,0.0,AU,2021-06-06 19:46:47,few clouds
209,Acapulco,16.8634,-99.8901,89.4,61,100,10.27,MX,2021-06-06 19:46:48,overcast clouds
210,Karratha,-20.7377,116.8463,74.97,62,96,7.9,AU,2021-06-06 19:46:48,overcast clouds
211,Buchanan,5.8808,-10.0467,80.56,85,99,4.25,LR,2021-06-06 19:46:48,moderate rain
212,Gat,31.61,34.7642,72.81,68,0,2.66,IL,2021-06-06 19:44:00,clear sky
213,Kingisepp,59.3733,28.6134,55.62,83,44,3.36,RU,2021-06-06 19:46:49,scattered clouds
214,Richards Bay,-28.783,32.0377,59.56,77,0,7.38,ZA,2021-06-06 19:46:49,clear sky
215,Altagracia De Orituco,9.8601,-66.3814,82.02,61,100,5.59,VE,2021-06-06 19:46:49,overcast clouds
216,Along,28.1667,94.7667,72.01,99,100,0.49,IN,2021-06-06 19:46:41,overcast clouds
217,Antofagasta,-23.65,-70.4,61.88,73,20,8.66,CL,2021-06-06 19:46:50,few clouds
218,Tautira,-17.7333,-149.15,84.22,73,42,11.86,PF,2021-06-06 19:46:50,scattered clouds
219,Ponta Do Sol,32.6667,-17.1,68.63,67,0,2.48,PT,2021-06-06 19:46:51,clear sky
220,Lamu,-2.2717,40.902,77.18,83,56,19.62,KE,2021-06-06 19:46:51,light rain
221,Kimbe,-5.5502,150.1429,74.64,91,69,3.49,PG,2021-06-06 19:46:51,broken clouds
222,Alice Springs,-23.7,133.8833,35.15,80,16,3.74,AU,2021-06-06 19:46:52,few clouds
223,Aswan,24.0934,32.907,88.2,12,5,12.75,EG,2021-06-06 19:46:52,clear sky
224,Rundu,-17.9333,19.7667,52.63,50,0,6.46,NA,2021-06-06 19:46:52,clear sky
225,Port Lincoln,-34.7333,135.8667,60.3,51,100,22.53,AU,2021-06-06 19:46:53,overcast clouds
226,Avera,33.194,-82.5271,90.91,61,99,9.1,US,2021-06-06 19:46:53,overcast clouds
227,Uhlove,44.8215,33.6045,60.57,85,56,6.04,UA,2021-06-06 19:46:53,broken clouds
228,Grand Gaube,-20.0064,57.6608,73.8,83,6,3.0,MU,2021-06-06 19:46:54,clear sky
229,Luena,-11.7833,19.9167,55.24,63,49,4.79,AO,2021-06-06 19:46:54,scattered clouds
230,Megion,61.0296,76.1136,44.62,65,0,6.35,RU,2021-06-06 19:46:54,clear sky
231,Kamina,-8.7386,24.9906,64.98,63,4,4.68,CD,2021-06-06 19:46:55,clear sky
232,Hazorasp,41.3194,61.0742,82.24,20,22,11.45,UZ,2021-06-06 19:46:55,few clouds
233,Lotoshino,56.2267,35.6414,60.01,82,100,1.77,RU,2021-06-06 19:46:56,light rain
234,Santa Maria Da Vitoria,-13.3947,-44.1886,83.91,36,100,7.0,BR,2021-06-06 19:46:56,overcast clouds
235,Nikolskoye,59.7035,30.7861,66.09,73,43,4.7,RU,2021-06-06 19:46:56,scattered clouds
236,Cabedelo,-6.9811,-34.8339,79.47,84,17,14.27,BR,2021-06-06 19:46:57,few clouds
237,Chimbote,-9.0853,-78.5783,68.5,74,99,9.57,PE,2021-06-06 19:44:56,overcast clouds
238,Manzanillo,20.3433,-77.1167,85.32,68,44,4.05,CU,2021-06-06 19:46:57,scattered clouds
239,Waipawa,-41.4122,175.5153,53.46,91,100,1.25,NZ,2021-06-06 19:46:58,overcast clouds
240,Det Udom,14.906,105.0784,80.04,86,100,7.02,TH,2021-06-06 19:46:58,moderate rain
241,Hasaki,35.7333,140.8333,66.49,85,100,1.74,JP,2021-06-06 19:46:58,overcast clouds
242,Tatawin,32.9297,10.4518,92.28,28,67,6.24,TN,2021-06-06 19:46:59,broken clouds
243,Auki,-8.7676,160.7034,77.63,86,10,3.53,SB,2021-06-06 19:46:59,clear sky
244,Warren,39.4334,-84.1666,84.15,62,40,12.66,US,2021-06-06 19:46:36,scattered clouds
245,Constitucion,-35.3333,-72.4167,54.77,63,100,10.89,CL,2021-06-06 19:45:57,overcast clouds
246,Mountain Home,43.133,-115.6912,69.94,19,20,2.1,US,2021-06-06 19:45:02,few clouds
247,Hobart,-42.8794,147.3294,53.46,82,100,7.38,AU,2021-06-06 19:47:00,overcast clouds
248,Chapais,49.7834,-74.8492,74.98,29,54,9.26,CA,2021-06-06 19:47:00,broken clouds
249,Cabo San Lucas,22.8909,-109.9124,103.8,36,1,9.22,MX,2021-06-06 19:47:01,clear sky
250,Lewistown,40.5992,-77.5714,92.95,37,75,6.91,US,2021-06-06 19:44:35,haze
251,Lompoc,34.6391,-120.4579,73.69,82,90,1.01,US,2021-06-06 19:45:45,overcast clouds
252,Zyryanka,65.75,150.85,49.96,62,100,15.35,RU,2021-06-06 19:47:01,overcast clouds
253,Monrovia,6.3005,-10.7969,80.37,84,98,7.18,LR,2021-06-06 19:47:02,light rain
254,Asbury Park,40.2204,-74.0121,97.29,50,20,10.76,US,2021-06-06 19:47:02,few clouds
255,Pedasi,7.5333,-80.0333,83.25,72,98,6.96,PA,2021-06-06 19:47:02,overcast clouds
256,Atar,20.5169,-13.0499,100.87,14,11,16.06,MR,2021-06-06 19:42:54,few clouds
257,Villa Union,23.2,-106.2333,91.02,76,3,12.71,MX,2021-06-06 19:47:03,clear sky
258,Zacapu,19.8333,-101.7167,70.75,35,100,3.44,MX,2021-06-06 19:47:03,overcast clouds
259,Umred,20.85,79.3333,84.49,50,25,6.73,IN,2021-06-06 19:47:04,scattered clouds
260,Ponnani,10.767,75.9252,79.92,84,92,2.01,IN,2021-06-06 19:47:04,overcast clouds
261,Westport,41.1415,-73.3579,98.28,42,1,1.99,US,2021-06-06 19:43:57,clear sky
262,Belyy Yar,53.6039,91.3903,48.09,87,0,6.44,RU,2021-06-06 19:47:05,clear sky
263,Aurillac,44.9167,2.45,61.05,78,0,6.91,FR,2021-06-06 19:46:18,clear sky
264,Cumbum,9.7333,77.3,74.25,89,95,6.98,IN,2021-06-06 19:47:05,overcast clouds
265,San Carlos De Bariloche,-41.1456,-71.3082,44.35,57,40,8.23,AR,2021-06-06 19:42:58,scattered clouds
266,Kloulklubed,7.0419,134.2556,79.3,82,100,7.02,PW,2021-06-06 19:47:05,overcast clouds
267,Onguday,50.75,86.15,42.4,91,1,2.64,RU,2021-06-06 19:47:06,clear sky
268,Maldonado,-34.6667,-54.9167,56.59,80,4,5.59,UY,2021-06-06 19:47:06,clear sky
269,Shirgaon,19.7,72.7,84.54,70,18,6.35,IN,2021-06-06 19:47:06,few clouds
270,Belaya Gora,68.5333,146.4167,39.43,82,100,7.29,RU,2021-06-06 19:47:07,overcast clouds
271,Atlantic Beach,30.3344,-81.3987,95.22,69,1,1.01,US,2021-06-06 19:47:07,clear sky
272,Plouzane,48.3833,-4.6167,59.18,79,75,7.45,FR,2021-06-06 19:47:08,broken clouds
273,Mbarara,-0.608,30.65,64.69,81,82,1.43,UG,2021-06-06 19:47:08,broken clouds
274,Itako,35.9333,140.55,74.03,96,100,1.61,JP,2021-06-06 19:47:09,overcast clouds
275,Novopokrovka,49.8425,36.5477,59.38,93,10,5.57,UA,2021-06-06 19:47:09,clear sky
276,Katsuura,35.1333,140.3,70.11,90,99,2.44,JP,2021-06-06 19:47:09,overcast clouds
277,Prado,-17.3411,-39.2208,74.37,81,5,5.7,BR,2021-06-06 19:47:10,clear sky
278,Mount Darwin,-16.7725,31.5838,54.09,68,35,5.55,ZW,2021-06-06 19:47:10,scattered clouds
279,Remanso,-9.6179,-42.0831,84.38,38,100,11.27,BR,2021-06-06 19:47:10,overcast clouds
280,Gumdag,39.2061,54.5906,75.02,53,0,13.87,TM,2021-06-06 19:47:11,clear sky
281,Nejdek,50.3224,12.7294,63.05,89,0,3.15,CZ,2021-06-06 19:47:11,clear sky
282,Sembakung,3.8167,117.25,73.58,99,100,4.14,ID,2021-06-06 19:47:11,overcast clouds
283,Beringovskiy,63.05,179.3167,34.66,99,100,4.54,RU,2021-06-06 19:47:12,light rain
284,Birjand,32.8663,59.2211,81.07,12,0,4.61,IR,2021-06-06 19:47:12,clear sky
285,Balud,10.1476,123.6953,76.96,79,100,6.4,PH,2021-06-06 19:47:13,light rain
286,Shatki,55.1887,44.1249,54.5,97,26,3.91,RU,2021-06-06 19:47:13,scattered clouds
287,Ixtapa,20.7,-105.2,85.23,66,40,11.5,MX,2021-06-06 19:47:13,scattered clouds
288,Ode,7.7899,5.7117,71.17,96,92,7.56,NG,2021-06-06 19:47:14,overcast clouds
289,Verkhnevilyuysk,63.4453,120.3167,48.24,91,100,5.32,RU,2021-06-06 19:47:14,overcast clouds
290,Carballo,43.213,-8.691,65.62,86,95,7.07,ES,2021-06-06 19:47:14,overcast clouds
291,Osmena,10.5208,119.9258,82.06,80,100,6.15,PH,2021-06-06 19:47:15,overcast clouds
292,Azuaga,38.2667,-5.6833,75.88,27,60,3.58,ES,2021-06-06 19:47:15,broken clouds
293,Byron Bay,-28.65,153.6167,50.88,91,14,7.31,AU,2021-06-06 19:43:59,few clouds
294,Husavik,66.0449,-17.3389,57.11,62,86,13.04,IS,2021-06-06 19:47:15,overcast clouds
295,Ostrovnoy,68.0531,39.5131,39.67,87,7,8.16,RU,2021-06-06 19:47:16,clear sky
296,Honningsvag,70.9821,25.9704,40.75,70,0,8.05,NO,2021-06-06 19:47:16,clear sky
297,Nurota,40.5614,65.6886,82.49,20,3,3.33,UZ,2021-06-06 19:47:17,clear sky
298,Ahipara,-35.1667,173.1667,59.83,90,100,17.72,NZ,2021-06-06 19:47:17,overcast clouds
299,Samarai,-10.6167,150.6667,78.19,88,100,15.64,PG,2021-06-06 19:47:17,overcast clouds
300,Lucapa,-8.4192,20.7447,69.24,44,59,3.4,AO,2021-06-06 19:47:18,broken clouds
301,Leningradskiy,69.3833,178.4167,38.16,87,15,12.15,RU,2021-06-06 19:42:59,few clouds
302,Banda Aceh,5.5577,95.3222,79.77,75,100,13.06,ID,2021-06-06 19:45:01,overcast clouds
303,Takoradi,4.8845,-1.7554,80.08,81,7,10.92,GH,2021-06-06 19:47:18,clear sky
304,Kirovsk,48.6375,38.6428,55.62,89,95,6.6,UA,2021-06-06 19:47:18,overcast clouds
305,Plettenberg Bay,-34.0527,23.3716,68.5,26,3,10.94,ZA,2021-06-06 19:47:19,clear sky
306,Bonfim,3.0833,-59.95,84.58,69,65,6.22,BR,2021-06-06 19:47:19,broken clouds
307,Esperance,-33.8667,121.9,53.44,59,100,28.39,AU,2021-06-06 19:47:19,overcast clouds
308,Los Llanos De Aridane,28.6585,-17.9182,64.15,86,20,11.65,ES,2021-06-06 19:47:20,few clouds
309,Praia Da Vitoria,38.7333,-27.0667,70.05,73,40,4.18,PT,2021-06-06 19:47:20,scattered clouds
310,Tromso,69.6496,18.957,63.25,46,0,16.11,NO,2021-06-06 19:43:21,clear sky
311,Harper,4.375,-7.7169,77.81,88,100,9.95,LR,2021-06-06 19:47:21,overcast clouds
312,Dutlwe,-23.9833,23.9,49.01,51,0,10.6,BW,2021-06-06 19:47:21,clear sky
313,Penarroya-Pueblonuevo,38.3,-5.2667,80.71,33,7,5.08,ES,2021-06-06 19:47:22,clear sky
314,Nhulunbuy,-12.2333,136.7667,75.81,83,75,4.61,AU,2021-06-06 19:47:22,broken clouds
315,Lasa,46.6166,10.7002,63.48,92,100,4.05,IT,2021-06-06 19:47:22,overcast clouds
316,Bosaso,11.2842,49.1816,92.14,42,0,5.88,SO,2021-06-06 19:44:07,clear sky
317,Mayachnyy,52.6839,55.685,57.09,62,5,6.62,RU,2021-06-06 19:47:23,clear sky
318,Baiyin,36.5583,104.2081,54.48,53,74,7.31,CN,2021-06-06 19:47:23,broken clouds
319,Puerto Escondido,15.85,-97.0667,90.43,62,40,10.36,MX,2021-06-06 19:47:23,scattered clouds
320,Uchaly,54.2996,59.4521,51.98,59,74,3.13,RU,2021-06-06 19:47:24,broken clouds
321,Mandan,46.8267,-100.8896,82.38,24,1,7.0,US,2021-06-06 19:47:24,clear sky
322,Puerto Carreno,6.189,-67.4859,87.98,64,95,2.53,CO,2021-06-06 19:47:24,overcast clouds
323,Lakes Entrance,-37.8811,147.981,50.18,72,100,9.4,AU,2021-06-06 19:47:25,overcast clouds
324,Maumere,-8.6199,122.2111,77.63,81,99,1.7,ID,2021-06-06 19:47:25,overcast clouds
325,Lourdes,43.1,-0.05,65.68,63,75,4.61,FR,2021-06-06 19:47:25,broken clouds
326,Cookeville,36.1628,-85.5016,76.71,83,75,6.62,US,2021-06-06 19:46:42,broken clouds
327,Omboue,-1.5746,9.2618,76.42,93,70,5.23,GA,2021-06-06 19:47:26,broken clouds
328,Zalantun,48.0,122.7167,52.47,68,0,2.98,CN,2021-06-06 19:47:26,clear sky
329,Baturaja,-4.1333,104.1667,71.22,97,29,2.39,ID,2021-06-06 19:47:27,scattered clouds
330,Arani,12.6667,79.2833,85.23,62,100,6.6,IN,2021-06-06 19:47:27,overcast clouds
331,Tank,32.2217,70.3793,97.52,24,0,3.71,PK,2021-06-06 19:44:19,clear sky
332,Dhangadhi,28.7079,80.5961,85.71,37,6,2.75,NP,2021-06-06 19:47:28,clear sky
333,Petropavlovsk-Kamchatskiy,53.0452,158.6483,41.59,100,90,2.55,RU,2021-06-06 19:47:28,light rain
334,Sumbe,-11.2061,13.8437,74.39,89,38,6.64,AO,2021-06-06 19:47:29,scattered clouds
335,Vershino-Darasunskiy,52.35,115.5167,50.81,55,46,2.93,RU,2021-06-06 19:47:29,scattered clouds
336,Kabanjahe,3.1001,98.4908,65.16,97,85,4.03,ID,2021-06-06 19:47:29,overcast clouds
337,Shilovo,54.3204,40.874,57.38,94,90,5.48,RU,2021-06-06 19:47:30,overcast clouds
338,Kieta,-6.2167,155.6333,78.15,85,99,4.63,PG,2021-06-06 19:46:45,light rain
339,Ust-Maya,60.4167,134.5333,60.87,80,94,6.04,RU,2021-06-06 19:47:30,overcast clouds
340,Mitu,1.1983,-70.1733,78.73,93,98,1.99,CO,2021-06-06 19:47:30,overcast clouds
341,Pimentel,-6.8367,-79.9342,71.89,81,90,5.01,PE,2021-06-06 19:47:31,overcast clouds
342,Hope,33.6671,-93.5916,82.29,61,40,5.28,US,2021-06-06 19:45:14,scattered clouds
343,Poya,-21.35,165.15,67.84,62,97,6.73,NC,2021-06-06 19:47:31,overcast clouds
344,Pogranichnyy,44.4064,131.3769,52.66,93,32,2.42,RU,2021-06-06 19:47:32,scattered clouds
345,Huntington,38.4193,-82.4452,88.21,69,1,3.0,US,2021-06-06 19:44:09,clear sky
346,Kavieng,-2.5744,150.7967,81.34,77,90,7.43,PG,2021-06-06 19:47:32,light rain
347,Hudiksvall,61.729,17.1036,62.53,68,78,3.96,SE,2021-06-06 19:47:33,broken clouds
348,Denpasar,-8.65,115.2167,80.26,94,20,1.54,ID,2021-06-06 19:43:48,few clouds
349,Kavaratti,10.5669,72.642,82.74,75,100,10.76,IN,2021-06-06 19:47:33,overcast clouds
350,Sudzha,51.1976,35.2726,54.72,94,92,4.56,RU,2021-06-06 19:47:34,overcast clouds
351,Tiznit,29.5833,-9.5,70.25,60,100,3.71,MA,2021-06-06 19:47:34,overcast clouds
352,Margate,51.3813,1.3862,66.06,74,68,1.01,GB,2021-06-06 19:47:34,broken clouds
353,Kalabagh,32.965,71.557,97.68,26,0,2.91,PK,2021-06-06 19:47:35,clear sky
354,Bowen,-20.0167,148.2333,64.62,79,98,9.8,AU,2021-06-06 19:43:12,overcast clouds
355,Yulara,-25.2406,130.9889,42.64,65,8,5.75,AU,2021-06-06 19:47:35,clear sky
356,Moose Factory,51.2585,-80.6094,80.6,44,40,10.36,CA,2021-06-06 19:47:36,scattered clouds
357,Deep River,46.1001,-77.4995,93.43,49,91,10.02,CA,2021-06-06 19:45:05,overcast clouds
358,Goba,7.0167,39.9833,49.44,92,100,4.47,ET,2021-06-06 19:47:36,overcast clouds
359,Egvekinot,66.3167,-179.1667,35.37,71,10,1.92,RU,2021-06-06 19:47:36,clear sky
360,Mombetsu,44.3525,143.3525,53.19,90,100,4.7,JP,2021-06-06 19:47:37,overcast clouds
361,Maceio,-9.6658,-35.7353,81.84,69,20,8.88,BR,2021-06-06 19:44:02,few clouds
362,Nalut,30.3333,10.85,91.0,11,38,14.92,LY,2021-06-06 19:47:37,scattered clouds
363,Marevo,57.3146,32.0804,57.87,80,35,0.38,RU,2021-06-06 19:47:38,scattered clouds
364,Zhigansk,66.7697,123.3711,47.55,50,100,6.06,RU,2021-06-06 19:46:16,overcast clouds
365,Cam Ranh,11.9214,109.1591,84.16,65,20,6.2,VN,2021-06-06 19:47:38,few clouds
366,Henties Bay,-22.116,14.2845,74.86,45,0,1.05,NA,2021-06-06 19:47:39,clear sky
367,Teguldet,57.3064,88.1667,54.66,94,100,11.3,RU,2021-06-06 19:47:39,overcast clouds
368,Robertsport,6.7533,-11.3686,81.41,82,100,11.01,LR,2021-06-06 19:47:39,overcast clouds
369,Marsa Matruh,31.3525,27.2453,71.8,68,0,9.22,EG,2021-06-06 19:44:32,clear sky
370,La Ronge,55.1001,-105.2842,64.62,59,75,6.91,CA,2021-06-06 19:47:40,broken clouds
371,Kuala Selangor,3.35,101.25,79.0,84,64,4.27,MY,2021-06-06 19:47:40,broken clouds
372,Kurtamysh,54.9103,64.4319,58.91,47,94,5.82,RU,2021-06-06 19:47:40,overcast clouds
373,Mahdalynivka,48.921,34.9156,59.58,94,15,6.76,UA,2021-06-06 19:47:41,few clouds
374,Kangaatsiaq,68.3065,-53.4641,37.27,91,56,11.01,GL,2021-06-06 19:47:41,broken clouds
375,Luzhou,28.8724,105.4405,76.75,73,100,2.37,CN,2021-06-06 19:47:41,overcast clouds
376,Coahuayana,18.7333,-103.6833,93.97,45,99,8.7,MX,2021-06-06 19:47:42,overcast clouds
377,Grand Island,40.925,-98.342,86.99,39,1,8.01,US,2021-06-06 19:47:42,clear sky
378,Cayenne,4.9333,-52.3333,84.24,84,40,3.0,GF,2021-06-06 19:47:01,scattered clouds
379,Halifax,44.6453,-63.5724,78.8,50,81,1.99,CA,2021-06-06 19:43:18,broken clouds
380,Half Moon Bay,37.4636,-122.4286,84.81,61,1,1.01,US,2021-06-06 19:47:43,haze
381,Alta Floresta,-9.8756,-56.0861,93.02,38,40,3.44,BR,2021-06-06 19:47:28,scattered clouds
382,Santiago Del Estero,-27.7951,-64.2615,62.92,61,91,2.19,AR,2021-06-06 19:47:43,overcast clouds
383,Brokopondo,4.75,-55.1667,82.2,76,69,9.55,SR,2021-06-06 19:47:44,light rain
384,Kalmunai,7.4167,81.8167,81.82,75,100,4.36,LK,2021-06-06 19:47:44,overcast clouds
385,Fernley,39.608,-119.2518,91.72,10,44,1.99,US,2021-06-06 19:47:44,scattered clouds
386,Fort Nelson,58.8053,-122.7002,53.19,76,75,9.22,CA,2021-06-06 19:47:22,broken clouds
387,Mangai,-4.05,19.5333,71.96,85,53,3.4,CD,2021-06-06 19:47:45,broken clouds
388,Kahului,20.8947,-156.47,82.42,66,20,17.27,US,2021-06-06 19:43:10,few clouds
389,Teacapan,22.55,-105.75,88.48,55,5,12.75,MX,2021-06-06 19:47:45,clear sky
390,Praya,14.9215,-23.5087,77.54,69,20,21.85,CV,2021-06-06 19:43:49,few clouds
391,Eltham,-39.4292,174.3,53.19,97,100,4.36,NZ,2021-06-06 19:47:46,overcast clouds
392,Mercedes,-34.6515,-59.4307,59.04,55,99,6.58,AR,2021-06-06 19:47:46,overcast clouds
393,Itapora,-22.0799,-54.7874,89.22,27,65,9.89,BR,2021-06-06 19:47:47,broken clouds
394,Gogrial,8.5332,28.1004,78.03,74,50,1.21,SS,2021-06-06 19:47:47,light rain
395,Methala,10.2166,76.2166,78.8,91,87,1.86,IN,2021-06-06 19:47:48,overcast clouds
396,Sicamous,50.8331,-118.9856,67.28,46,81,2.53,CA,2021-06-06 19:47:48,broken clouds
397,Asosa,10.0667,34.5333,62.98,89,97,2.64,ET,2021-06-06 19:47:48,overcast clouds
398,Laguna,38.421,-121.4238,92.25,37,1,5.01,US,2021-06-06 19:47:49,clear sky
399,Severo-Yeniseyskiy,60.3725,93.0408,38.86,90,100,3.11,RU,2021-06-06 19:47:49,light rain
400,La Sarre,48.8002,-79.1996,84.43,49,38,8.3,CA,2021-06-06 19:45:14,scattered clouds
401,Emba,48.8264,58.1442,65.07,48,100,11.63,KZ,2021-06-06 19:47:50,overcast clouds
402,Blackwater,-23.5833,148.8833,48.02,48,0,4.18,AU,2021-06-06 19:47:50,clear sky
403,Mitsamiouli,-11.3847,43.2844,78.39,69,14,14.07,KM,2021-06-06 19:47:50,few clouds
404,Lumphat,13.4878,106.9816,72.93,98,100,1.5,KH,2021-06-06 19:47:51,overcast clouds
405,Nuuk,64.1835,-51.7216,45.21,87,90,9.22,GL,2021-06-06 19:47:51,light snow
406,Madinat Sittah Uktubar,29.8167,31.05,77.56,50,0,17.38,EG,2021-06-06 19:47:51,clear sky
407,Mareeba,-17.0,145.4333,66.92,94,92,3.74,AU,2021-06-06 19:47:52,overcast clouds
408,Talnakh,69.4865,88.3972,30.49,99,100,3.09,RU,2021-06-06 19:47:52,light snow
409,Bay-Khaak,51.1667,94.5,44.13,73,88,1.81,RU,2021-06-06 19:47:52,overcast clouds
410,Areosa,41.7178,-8.8571,70.86,82,7,12.84,PT,2021-06-06 19:47:53,clear sky
411,Manbij,36.5281,37.9549,74.17,40,0,12.12,SY,2021-06-06 19:47:53,clear sky
412,Sobradinho,-12.8333,-39.1,72.57,88,22,5.21,BR,2021-06-06 19:47:54,few clouds
413,Klaksvik,62.2266,-6.589,49.12,98,100,16.22,FO,2021-06-06 19:47:54,overcast clouds
414,Lokoja,7.8024,6.743,76.5,92,99,4.36,NG,2021-06-06 19:47:54,overcast clouds
415,Grao Mogol,-16.5594,-42.8897,74.12,47,40,4.05,BR,2021-06-06 19:47:55,scattered clouds
416,Boende,-0.2167,20.8667,70.75,98,100,2.06,CD,2021-06-06 19:47:55,overcast clouds
417,Santa Cruz,-17.8,-63.1667,76.46,73,75,5.75,BO,2021-06-06 19:47:56,light rain
418,Kindu,-2.95,25.95,71.06,96,100,2.93,CD,2021-06-06 19:47:56,overcast clouds
419,Okahandja,-21.9833,16.9167,57.51,40,0,11.3,NA,2021-06-06 19:47:57,clear sky
420,Wagga Wagga,-35.1167,147.3667,40.6,100,100,3.94,AU,2021-06-06 19:47:57,overcast clouds
421,Ancud,-41.8697,-73.8203,51.22,82,100,15.95,CL,2021-06-06 19:47:57,light rain
422,Camana,-16.6228,-72.7111,66.34,76,19,6.8,PE,2021-06-06 19:47:58,few clouds
423,Launceston,-41.45,147.1667,55.04,91,90,3.0,AU,2021-06-06 19:47:58,overcast clouds
424,Jacupiranga,-24.6925,-48.0022,70.09,86,98,3.04,BR,2021-06-06 19:47:58,moderate rain
425,Walker,30.7335,-95.5669,90.32,62,40,8.05,US,2021-06-06 19:47:59,scattered clouds
426,Amapa,1.0,-52.0,77.4,94,100,2.84,BR,2021-06-06 19:47:59,light rain
427,Channahon,41.4295,-88.2287,88.09,57,90,1.01,US,2021-06-06 19:43:44,overcast clouds
428,Saint-Pierre,-21.3393,55.4781,69.44,93,75,8.05,RE,2021-06-06 19:47:14,heavy intensity rain
429,Nome,64.5011,-165.4064,39.16,81,90,10.36,US,2021-06-06 19:48:00,light rain
430,Grajau,-5.8194,-46.1386,86.58,57,58,3.06,BR,2021-06-06 19:48:00,broken clouds
431,Khash,28.2211,61.2158,82.22,34,0,4.41,IR,2021-06-06 19:48:00,clear sky
432,Sorland,67.667,12.6934,64.47,84,97,1.9,NO,2021-06-06 19:48:01,overcast clouds
433,Kununurra,-15.7667,128.7333,57.18,67,50,4.61,AU,2021-06-06 19:48:01,scattered clouds
434,Kuyanovo,55.8014,54.5372,56.21,69,0,2.3,RU,2021-06-06 19:48:02,clear sky
435,Yar-Sale,66.8333,70.8333,35.33,83,34,10.29,RU,2021-06-06 19:48:02,scattered clouds
436,Bougouni,11.417,-7.479,92.34,32,5,5.06,ML,2021-06-06 19:48:02,clear sky
437,Dali,25.7,100.1833,62.42,90,74,4.72,CN,2021-06-06 19:48:03,broken clouds
438,Iquique,-20.2208,-70.1431,62.64,72,82,9.6,CL,2021-06-06 19:48:03,broken clouds
439,Guipavas,48.4352,-4.3972,59.16,79,75,5.75,FR,2021-06-06 19:48:03,broken clouds
440,Pisco,-13.7,-76.2167,67.01,82,90,5.75,PE,2021-06-06 19:48:04,overcast clouds
441,Salinopolis,-0.6136,-47.3561,80.98,82,61,9.06,BR,2021-06-06 19:48:04,broken clouds
442,Zakanyszek,46.2745,19.8898,66.85,75,0,6.22,HU,2021-06-06 19:48:05,clear sky
443,Santa Cruz De La Palma,28.6835,-17.7642,68.14,68,20,14.97,ES,2021-06-06 19:48:05,few clouds
444,Shenzhen,22.5455,114.0683,81.21,83,57,6.98,CN,2021-06-06 19:48:05,broken clouds
445,Rodino,52.5,80.25,58.1,58,0,2.89,RU,2021-06-06 19:48:06,clear sky
446,Les Escoumins,48.1111,-69.0236,64.96,58,19,3.65,CA,2021-06-06 19:48:06,few clouds
447,College,64.8569,-147.8028,66.58,54,75,6.91,US,2021-06-06 19:46:39,broken clouds
448,Karakulino,56.012,53.7067,56.73,75,0,2.21,RU,2021-06-06 19:48:07,clear sky
449,Litovko,49.2361,135.1742,52.48,95,100,3.89,RU,2021-06-06 19:48:07,overcast clouds
450,Clyde River,70.4692,-68.5914,35.83,93,90,12.66,CA,2021-06-06 19:48:07,overcast clouds
451,Cidreira,-30.1811,-50.2056,63.18,78,100,10.18,BR,2021-06-06 19:48:07,light rain
452,Wewak,-3.5534,143.6268,76.08,94,100,4.32,PG,2021-06-06 19:48:08,overcast clouds
453,Yarensk,62.1675,49.0916,53.82,90,26,4.54,RU,2021-06-06 19:48:08,scattered clouds
454,Mandalgovi,45.7625,106.2708,46.78,79,7,21.0,MN,2021-06-06 19:48:08,clear sky
455,Torres,-29.3353,-49.7269,61.05,92,100,8.93,BR,2021-06-06 19:48:09,moderate rain
456,Mbandaka,0.0487,18.2603,69.62,98,96,3.36,CD,2021-06-06 19:48:09,overcast clouds
457,Leopold,-38.1833,144.4667,56.44,78,90,17.16,AU,2021-06-06 19:48:09,overcast clouds
458,Chippenham,51.46,-2.1247,66.42,92,2,5.19,GB,2021-06-06 19:48:10,clear sky
459,Bandarbeyla,9.4942,50.8122,79.9,84,0,26.78,SO,2021-06-06 19:48:10,clear sky
460,Vangaindrano,-23.35,47.6,65.75,84,96,11.16,MG,2021-06-06 19:48:10,light rain
461,Solnechnyy,50.7214,136.6319,49.39,98,100,4.59,RU,2021-06-06 19:48:11,overcast clouds
462,Kagoro,9.6,8.3833,71.87,89,55,4.23,NG,2021-06-06 19:48:11,broken clouds
463,Bara,10.3744,10.7288,79.75,63,100,10.51,NG,2021-06-06 19:48:12,moderate rain
464,Tari,12.4086,4.4914,76.93,78,100,11.86,NG,2021-06-06 19:48:12,heavy intensity rain
465,Kez,57.8979,53.7152,54.75,76,5,3.69,RU,2021-06-06 19:48:12,clear sky
466,Matagami,49.7502,-77.6328,80.71,36,1,9.4,CA,2021-06-06 19:48:13,clear sky
467,Batagay-Alyta,67.8006,130.4114,44.19,67,91,1.79,RU,2021-06-06 19:48:13,overcast clouds
468,Xuddur,4.1213,43.8894,76.26,66,64,19.71,SO,2021-06-06 19:48:13,broken clouds
469,Nizhniy Ingash,56.2,96.53,47.35,83,96,11.92,RU,2021-06-06 19:48:14,overcast clouds
470,Valparaiso,-33.0393,-71.6273,59.23,63,0,4.61,CL,2021-06-06 19:48:14,clear sky
471,Namatanai,-3.6667,152.4333,78.87,84,100,3.87,PG,2021-06-06 19:48:14,light rain
472,Simao,22.7886,100.9748,65.35,98,99,2.28,CN,2021-06-06 19:48:15,overcast clouds
473,Zelenogorskiy,55.0333,87.0,57.72,99,100,5.99,RU,2021-06-06 19:48:15,moderate rain
474,Paragominas,-2.9667,-47.4833,83.03,65,88,3.62,BR,2021-06-06 19:48:15,overcast clouds
475,Sonoita,31.85,-112.8333,96.53,12,0,27.51,MX,2021-06-06 19:48:16,clear sky
476,Sioux Lookout,50.1001,-91.917,82.78,69,75,8.05,CA,2021-06-06 19:48:16,broken clouds
477,Kongolo,-5.3833,27.0,74.62,60,88,4.34,CD,2021-06-06 19:48:17,overcast clouds
478,Bam,29.106,58.357,95.27,7,0,7.61,IR,2021-06-06 19:48:17,clear sky
479,Miyang,24.4042,103.4428,65.12,95,76,3.65,CN,2021-06-06 19:48:18,light rain
480,Sao Gabriel Da Cachoeira,-0.1303,-67.0892,85.8,79,40,0.72,BR,2021-06-06 19:48:18,scattered clouds
481,Iralaya,15.0,-83.2333,89.69,70,20,12.88,HN,2021-06-06 19:48:18,few clouds
482,Mildura,-34.2,142.15,49.96,81,49,10.36,AU,2021-06-06 19:48:19,scattered clouds
483,Cassia,-20.5831,-46.9219,74.5,46,100,2.71,BR,2021-06-06 19:48:19,overcast clouds
484,Noumea,-22.2763,166.4572,70.0,99,99,5.48,NC,2021-06-06 19:43:39,overcast clouds
485,Nyurba,63.2842,118.3319,47.79,85,100,10.0,RU,2021-06-06 19:48:01,overcast clouds
486,De-Kastri,51.4667,140.7833,43.9,86,95,7.36,RU,2021-06-06 19:48:20,overcast clouds
487,Wajima,37.4,136.9,64.96,83,98,5.97,JP,2021-06-06 19:48:20,overcast clouds
488,Varanasi,25.3333,83.0,94.05,35,39,6.8,IN,2021-06-06 19:44:25,scattered clouds
489,Touros,-5.1989,-35.4608,77.9,82,21,13.13,BR,2021-06-06 19:48:21,few clouds
490,Angoche,-16.2325,39.9086,72.21,77,86,11.14,MZ,2021-06-06 19:48:21,overcast clouds
491,Geraldton,-28.7667,114.6,54.12,93,85,14.14,AU,2021-06-06 19:48:21,overcast clouds
492,Ulladulla,-35.35,150.4667,51.87,80,100,5.12,AU,2021-06-06 19:48:22,overcast clouds
493,Cuyahoga Falls,41.1339,-81.4846,88.39,46,1,1.01,US,2021-06-06 19:48:22,clear sky
494,Gushikawa,26.3544,127.8686,75.2,94,75,7.63,JP,2021-06-06 19:48:23,light rain
495,Nouadhibou,20.931,-17.0347,69.78,73,40,23.02,MR,2021-06-06 19:48:23,sand
496,Aleppo,36.25,37.5,70.12,47,0,10.56,SY,2021-06-06 19:48:23,clear sky
497,Anloga,5.7947,0.8973,84.42,79,14,13.49,GH,2021-06-06 19:48:24,light rain
498,Narsaq,60.9167,-46.05,57.42,68,100,3.71,GL,2021-06-06 19:48:25,overcast clouds
499,Nizhneudinsk,54.9076,99.0276,41.81,87,28,4.27,RU,2021-06-06 19:48:26,scattered clouds
500,Layou,13.2,-61.2667,83.68,74,20,12.12,VC,2021-06-06 19:48:26,few clouds
501,Lata,40.1629,-8.3327,62.35,76,0,3.71,PT,2021-06-06 19:47:08,clear sky
502,Flin Flon,54.7682,-101.865,57.04,94,90,12.82,CA,2021-06-06 19:48:26,mist
503,Harindanga,22.0383,88.3214,80.58,81,100,16.13,IN,2021-06-06 19:48:27,moderate rain
504,Muncar,-8.4333,114.3333,75.49,92,56,0.85,ID,2021-06-06 19:48:27,broken clouds
505,Grimshaw,56.1834,-117.6027,64.02,42,90,11.1,CA,2021-06-06 19:48:27,overcast clouds
506,Komsomolskiy,40.4272,71.7189,87.22,25,63,6.91,UZ,2021-06-06 19:48:28,broken clouds
507,Mogadishu,2.0371,45.3438,79.18,87,53,20.62,SO,2021-06-06 19:48:28,broken clouds
508,Deputatskiy,69.3,139.9,37.45,74,7,3.42,RU,2021-06-06 19:48:29,clear sky
509,Mangrol,21.1167,70.1167,84.97,70,16,10.33,IN,2021-06-06 19:48:29,few clouds
510,Tshikapa,-6.4167,20.8,78.55,44,52,2.13,CD,2021-06-06 19:48:29,broken clouds
511,Saldanha,-33.0117,17.9442,64.45,46,6,15.14,ZA,2021-06-06 19:48:30,clear sky
512,Shumyachi,53.8583,32.4242,57.2,93,91,6.06,RU,2021-06-06 19:48:30,light rain
513,Les Cayes,18.2,-73.75,84.25,67,51,12.28,HT,2021-06-06 19:48:30,broken clouds
514,Ust-Ishim,57.6935,71.1665,56.17,71,49,3.09,RU,2021-06-06 19:48:31,scattered clouds
515,Prince Rupert,54.3161,-130.3201,48.29,93,90,8.05,CA,2021-06-06 19:48:31,light rain
516,Bombay,19.0144,72.8479,84.18,84,40,5.75,IN,2021-06-06 19:48:19,haze
517,Okhotsk,59.3833,143.3,42.78,87,100,2.68,RU,2021-06-06 19:48:32,overcast clouds
518,Finnsnes,69.2296,17.9811,63.21,41,9,5.37,NO,2021-06-06 19:48:32,clear sky
519,Pozo Colorado,-23.4923,-58.7972,77.45,63,97,1.19,PY,2021-06-06 19:48:32,overcast clouds
520,Sarti,40.1,23.9833,70.57,66,75,6.02,GR,2021-06-06 19:48:33,broken clouds
521,Marawi,7.9986,124.2928,63.64,91,100,2.39,PH,2021-06-06 19:48:33,overcast clouds
522,Kartaly,53.0522,60.6467,58.62,44,45,5.3,RU,2021-06-06 19:48:34,scattered clouds
523,Saint-Augustin,51.226,-58.6502,58.98,43,9,8.08,CA,2021-06-06 19:48:34,clear sky
524,Kerema,-7.9631,145.7785,76.32,92,100,5.08,PG,2021-06-06 19:48:34,moderate rain
525,Hofn,64.2539,-15.2082,47.35,93,97,11.45,IS,2021-06-06 19:48:35,overcast clouds
526,Salobrena,36.7428,-3.5872,84.9,66,0,3.02,ES,2021-06-06 19:48:35,clear sky
527,Burnie,-41.0667,145.9167,55.47,89,100,19.04,AU,2021-06-06 19:48:35,light rain
528,Porto Novo,6.4965,2.6036,82.22,78,88,8.32,BJ,2021-06-06 19:48:36,overcast clouds
529,Saint George,37.1041,-113.5841,102.67,11,1,5.99,US,2021-06-06 19:44:39,clear sky
530,Caravelas,-17.7125,-39.2481,74.44,79,0,4.94,BR,2021-06-06 19:47:52,clear sky
531,Mindelo,16.8901,-24.9804,76.55,69,20,22.91,CV,2021-06-06 19:48:36,few clouds
532,Palembang,-2.9167,104.7458,74.46,96,100,3.67,ID,2021-06-06 19:48:37,overcast clouds
533,Kuruman,-27.4524,23.4325,45.99,45,0,10.85,ZA,2021-06-06 19:48:37,clear sky
534,San Jeronimo,-11.9472,-75.2829,61.3,47,96,5.08,PE,2021-06-06 19:48:38,overcast clouds
535,Eureka,40.8021,-124.1637,67.68,66,20,8.01,US,2021-06-06 19:48:10,few clouds
536,Olafsvik,64.8945,-23.7142,47.59,86,100,3.78,IS,2021-06-06 19:48:38,light rain
537,Villa Del Rosario,7.8339,-72.4742,77.38,73,75,2.19,CO,2021-06-06 19:48:38,broken clouds
538,Boueni,-12.9025,45.0761,78.78,71,37,14.63,YT,2021-06-06 19:48:39,scattered clouds
539,Valleyview,55.0667,-117.2859,60.84,36,49,12.66,CA,2021-06-06 19:48:39,scattered clouds
540,Srednekolymsk,67.45,153.6833,52.92,57,100,13.58,RU,2021-06-06 19:48:40,overcast clouds
541,Ballina,-28.8667,153.5667,47.95,97,13,0.0,AU,2021-06-06 19:48:40,few clouds
542,Manga,11.6636,-1.0731,93.11,34,29,7.34,BF,2021-06-06 19:48:40,scattered clouds
543,Grafton,42.207,-71.6856,94.15,43,1,4.0,US,2021-06-06 19:48:41,clear sky
544,Opuwo,-18.0607,13.84,60.08,39,1,6.04,NA,2021-06-06 19:48:41,clear sky
545,Santa Isabel Do Rio Negro,-0.4139,-65.0192,85.26,65,77,3.18,BR,2021-06-06 19:48:41,broken clouds
546,Chumikan,54.7183,135.315,35.6,95,100,0.94,RU,2021-06-06 19:48:42,overcast clouds
547,Saint-Paul,-21.0096,55.2707,69.89,77,98,11.14,RE,2021-06-06 19:48:42,overcast clouds
548,Tahe,52.3333,124.7333,49.24,69,77,4.61,CN,2021-06-06 19:48:43,broken clouds
549,Gigmoto,13.7796,124.39,80.29,82,100,2.26,PH,2021-06-06 19:48:43,overcast clouds
550,Wagar,16.1525,36.2032,96.78,19,68,14.25,SD,2021-06-06 19:48:43,broken clouds
551,Hirara,24.8,125.2833,80.06,82,100,12.3,JP,2021-06-06 19:48:44,moderate rain
552,Katangli,51.7102,143.2326,38.39,94,100,14.94,RU,2021-06-06 19:48:44,overcast clouds
553,Jieshi,22.8134,115.8257,76.82,86,14,14.12,CN,2021-06-06 19:48:44,few clouds
554,Pyay,18.8167,95.2167,82.4,72,100,2.37,MM,2021-06-06 19:48:45,overcast clouds
555,Honiara,-9.4333,159.95,77.04,89,9,5.35,SB,2021-06-06 19:48:45,clear sky
556,Grootfontein,-19.5667,18.1167,49.57,53,0,4.61,NA,2021-06-06 19:48:45,clear sky
557,Tymovskoye,50.8456,142.655,42.75,96,100,3.27,RU,2021-06-06 19:48:46,overcast clouds
558,Igrim,63.1906,64.4162,41.05,55,69,6.38,RU,2021-06-06 19:48:46,broken clouds
559,Greeley,40.4233,-104.7091,94.01,22,1,1.99,US,2021-06-06 19:48:47,clear sky
560,Vila Franca Do Campo,37.7167,-25.4333,66.61,79,100,3.13,PT,2021-06-06 19:48:30,overcast clouds
561,Sinjar,36.3209,41.8754,77.32,21,0,9.26,IQ,2021-06-06 19:48:47,clear sky
562,Lahad Datu,5.0268,118.327,75.74,92,94,2.28,MY,2021-06-06 19:48:47,overcast clouds
563,Biak,-0.9131,122.8766,75.42,75,77,3.87,ID,2021-06-06 19:48:48,broken clouds
564,Marsh Harbour,26.5412,-77.0636,80.38,75,99,16.55,BS,2021-06-06 19:48:48,overcast clouds
565,Maragogi,-9.0122,-35.2225,76.93,83,15,9.06,BR,2021-06-06 19:48:48,few clouds
566,Palmer,42.1584,-72.3287,94.93,35,75,1.99,US,2021-06-06 19:48:49,broken clouds
567,Sadiqabad,28.3062,70.1307,96.71,33,0,13.96,PK,2021-06-06 19:48:49,clear sky
568,Cockburn Town,21.4612,-71.1419,80.15,80,5,20.92,TC,2021-06-06 19:48:50,clear sky
569,Contamana,-7.3333,-75.0167,88.93,52,100,2.89,PE,2021-06-06 19:48:50,overcast clouds
570,Kiama,-34.6833,150.8667,52.25,82,74,1.99,AU,2021-06-06 19:48:50,broken clouds
571,Puerto Leguizamo,-0.1934,-74.7819,82.29,78,73,2.39,CO,2021-06-06 19:48:51,broken clouds
572,Umm Kaddadah,13.6017,26.6876,91.02,12,2,9.98,SD,2021-06-06 19:48:51,clear sky
573,Hailey,43.5196,-114.3153,65.89,24,1,6.91,US,2021-06-06 19:48:51,clear sky
574,Saint-Georges,12.0564,-61.7485,83.88,74,20,23.02,GD,2021-06-06 19:47:13,few clouds
575,Dwarka,22.2394,68.9678,85.06,69,0,13.0,IN,2021-06-06 19:47:05,clear sky
576,Bubaque,11.2833,-15.8333,79.48,85,49,18.03,GW,2021-06-06 19:48:41,scattered clouds
577,Billings,45.7833,-108.5007,77.36,31,20,9.22,US,2021-06-06 19:43:57,few clouds
578,Monaghan,54.25,-6.9667,59.02,91,99,6.89,IE,2021-06-06 19:48:52,overcast clouds
579,Rudnichnyy,59.617,52.4703,56.97,78,23,4.97,RU,2021-06-06 19:48:53,few clouds
580,Kontagora,10.3999,5.4695,79.72,69,68,4.61,NG,2021-06-06 19:48:53,light rain
581,Pandan,14.0453,124.1694,79.86,83,100,4.65,PH,2021-06-06 19:48:53,overcast clouds
582,Nakamura,32.9833,132.9333,64.98,94,100,3.02,JP,2021-06-06 19:48:54,overcast clouds
583,Aguilar De La Frontera,37.5143,-4.6554,82.8,31,0,3.8,ES,2021-06-06 19:48:54,clear sky
584,Rach Gia,10.0167,105.0833,78.75,74,100,14.36,VN,2021-06-06 19:48:55,overcast clouds
585,Spanish Fork,40.115,-111.6549,87.8,27,40,4.36,US,2021-06-06 19:44:35,scattered clouds
586,Bull Savanna,17.8868,-77.5902,84.27,63,12,19.66,JM,2021-06-06 19:48:55,few clouds
587,Camacha,33.0833,-16.3333,65.16,68,40,11.5,PT,2021-06-06 19:48:55,scattered clouds
588,Yerbogachen,61.2767,108.0108,38.01,67,2,9.42,RU,2021-06-06 19:48:56,clear sky
589,Mataram,-8.5833,116.1167,72.41,86,18,4.65,ID,2021-06-06 19:48:56,few clouds
590,Tsuruga,35.6455,136.0558,68.95,75,100,3.83,JP,2021-06-06 19:48:56,overcast clouds
591,Soyo,-6.1349,12.3689,76.53,86,35,8.68,AO,2021-06-06 19:48:57,scattered clouds
592,Mackay,-21.15,149.2,58.98,72,79,3.44,AU,2021-06-06 19:48:57,broken clouds
593,Abnub,27.2696,31.1511,80.82,19,12,12.33,EG,2021-06-06 19:48:58,few clouds
594,Evensk,61.95,159.2333,43.14,89,100,9.48,RU,2021-06-06 19:48:58,light rain
595,Namie,37.4833,141.0,65.71,86,100,1.23,JP,2021-06-06 19:48:58,overcast clouds
596,Baruun-Urt,46.6806,113.2792,61.68,43,100,6.73,MN,2021-06-06 19:48:58,moderate rain
597,Markova,48.6758,24.4138,53.11,92,51,4.97,UA,2021-06-06 19:48:59,broken clouds
598,Araouane,18.9048,-3.5265,101.46,14,62,10.8,ML,2021-06-06 19:48:59,broken clouds
599,Basco,20.4487,121.9702,83.84,73,100,8.55,PH,2021-06-06 19:49:00,overcast clouds
600,Mehamn,71.0357,27.8492,41.18,65,0,4.61,NO,2021-06-06 19:49:00,clear sky
601,Leticia,-4.2153,-69.9406,86.05,70,40,2.3,CO,2021-06-06 19:49:00,scattered clouds
602,Korla,41.7597,86.1469,72.21,38,44,11.1,CN,2021-06-06 19:49:01,scattered clouds
603,Brae,60.3964,-1.353,53.51,80,45,6.13,GB,2021-06-06 19:49:01,scattered clouds
604,Chukhloma,58.7525,42.6825,57.16,77,8,3.29,RU,2021-06-06 19:49:02,clear sky
605,Necochea,-38.5473,-58.7368,55.04,54,100,3.91,AR,2021-06-06 19:49:02,light rain
606,Port Hedland,-20.3167,118.5667,71.65,56,68,8.05,AU,2021-06-06 19:49:02,broken clouds
607,Aviles,43.5547,-5.9248,62.19,83,40,6.91,ES,2021-06-06 19:49:03,scattered clouds
608,Surt,31.2089,16.5887,74.55,49,3,14.54,LY,2021-06-06 19:49:03,clear sky
609,Itaqui,-29.1253,-56.5531,62.51,81,99,15.37,BR,2021-06-06 19:49:04,overcast clouds
610,Abonnema,4.7084,6.7931,73.65,93,100,0.74,NG,2021-06-06 19:49:04,overcast clouds
611,Warri,5.5167,5.75,72.88,96,97,1.28,NG,2021-06-06 19:49:04,overcast clouds
612,Zhangjiakou,40.81,114.8794,65.7,44,94,6.11,CN,2021-06-06 19:49:05,overcast clouds
613,Kirakira,-10.4544,161.9205,79.45,84,88,8.5,SB,2021-06-06 19:49:05,overcast clouds
614,Qarqin,37.4185,66.0436,93.22,16,0,11.27,AF,2021-06-06 19:49:06,clear sky
615,Xichang,27.8964,102.2634,66.09,94,96,0.58,CN,2021-06-06 19:49:06,moderate rain
616,Mae Ramat,16.984,98.5166,74.98,94,100,1.57,TH,2021-06-06 19:49:06,overcast clouds
617,Ouadda,8.0777,22.4007,71.11,81,85,1.5,CF,2021-06-06 19:49:07,overcast clouds
618,Ozinki,51.1786,49.6769,62.4,77,85,0.67,RU,2021-06-06 19:49:07,overcast clouds
619,Darhan,49.4867,105.9228,42.44,94,100,10.63,MN,2021-06-06 19:49:07,light rain
620,Potosi,-19.5836,-65.7531,49.06,16,44,22.77,BO,2021-06-06 19:49:08,scattered clouds
621,Atocha,-20.9333,-66.2333,47.61,14,0,31.68,BO,2021-06-06 19:49:08,clear sky
622,Langsa,4.4683,97.9683,73.85,97,100,1.95,ID,2021-06-06 19:49:08,overcast clouds
623,Ordu,40.9086,37.6845,46.9,80,0,5.88,TR,2021-06-06 19:49:09,clear sky
624,Yining,29.0361,114.5636,67.69,82,100,1.68,CN,2021-06-06 19:49:09,overcast clouds
625,Qaqortoq,60.7167,-46.0333,57.7,77,100,4.54,GL,2021-06-06 19:46:26,overcast clouds
626,Bonavista,48.6499,-53.1147,50.0,85,100,23.35,CA,2021-06-06 19:49:10,overcast clouds
627,Sorong,-0.8833,131.25,77.5,88,99,6.53,ID,2021-06-06 19:47:50,overcast clouds
628,Ust-Uda,54.1742,103.0304,42.17,95,7,3.96,RU,2021-06-06 19:49:10,clear sky
629,Bin Qirdan,33.1378,11.2197,79.81,48,100,14.41,TN,2021-06-06 19:49:11,overcast clouds
630,Mhango,-3.2833,32.85,69.12,57,44,6.53,TZ,2021-06-06 19:49:11,scattered clouds
631,Grandview,38.8858,-94.533,83.32,67,90,3.0,US,2021-06-06 19:49:11,overcast clouds
632,Whitehorse,60.7161,-135.0538,53.02,93,75,15.99,CA,2021-06-06 19:49:12,light rain
633,Ratnagiri,16.9833,73.3,82.53,75,71,6.98,IN,2021-06-06 19:49:12,broken clouds
634,Taksimo,56.3444,114.8794,50.18,81,100,5.99,RU,2021-06-06 19:48:36,light rain
635,Havelock,34.8791,-76.9013,86.99,78,75,8.99,US,2021-06-06 19:49:12,broken clouds
636,Srivardhan,18.0333,73.0167,83.23,73,26,5.64,IN,2021-06-06 19:49:13,scattered clouds
637,Glace Bay,46.1969,-59.957,67.59,74,40,4.0,CA,2021-06-06 19:49:13,scattered clouds
638,Atasu,48.6814,71.6433,56.95,39,50,10.18,KZ,2021-06-06 19:49:13,scattered clouds
639,Lokosovo,61.1333,74.8167,41.38,68,7,4.7,RU,2021-06-06 19:47:49,clear sky
640,Dudinka,69.4058,86.1778,30.22,97,100,6.13,RU,2021-06-06 19:49:14,overcast clouds
641,Kalmar,56.6616,16.3616,64.96,77,24,4.61,SE,2021-06-06 19:49:14,few clouds
642,Chongwe,-15.3292,28.682,52.38,68,59,4.97,ZM,2021-06-06 19:49:15,broken clouds
643,La Asuncion,11.0333,-63.8628,87.53,62,100,14.79,VE,2021-06-06 19:49:15,overcast clouds
644,Peniche,39.3558,-9.3811,67.48,82,0,16.8,PT,2021-06-06 19:47:04,clear sky
645,Barahona,18.2085,-71.1008,87.62,62,40,13.8,DO,2021-06-06 19:49:16,scattered clouds
646,Campoverde,-8.4753,-74.8058,87.49,67,79,4.03,PE,2021-06-06 19:49:16,broken clouds
647,Mayo,38.8876,-76.5119,97.21,61,13,1.99,US,2021-06-06 19:49:16,few clouds
648,Chanika,-5.4167,38.0167,65.14,92,86,3.29,TZ,2021-06-06 19:49:17,overcast clouds
649,Yugo-Kamskiy,57.7053,55.5894,57.22,77,47,3.96,RU,2021-06-06 19:49:17,scattered clouds
650,Havoysund,70.9963,24.6622,41.88,66,6,8.39,NO,2021-06-06 19:47:21,clear sky
651,Maniitsoq,65.4167,-52.9,41.07,88,100,6.22,GL,2021-06-06 19:49:18,overcast clouds
652,Arlit,18.7369,7.3853,97.39,11,26,14.03,NE,2021-06-06 19:45:34,scattered clouds
653,San Vicente,-26.6167,-54.1333,62.24,92,100,2.66,AR,2021-06-06 19:49:18,light rain
654,Jacareacanga,-6.2222,-57.7528,83.43,66,100,2.57,BR,2021-06-06 19:49:18,overcast clouds
655,Diego De Almagro,-26.3667,-70.05,70.75,25,5,8.61,CL,2021-06-06 19:49:19,clear sky
656,Careiro Da Varzea,-3.2003,-59.8119,90.23,68,100,2.08,BR,2021-06-06 19:49:19,overcast clouds
657,Siniscola,40.5719,9.6922,67.55,89,9,3.38,IT,2021-06-06 19:49:20,clear sky
658,Zarya,55.7553,38.0958,62.98,92,92,4.83,RU,2021-06-06 19:49:20,overcast clouds
659,Jalu,29.0331,21.5482,80.92,19,0,6.78,LY,2021-06-06 19:49:21,clear sky
660,Rehoboth,-23.3167,17.0833,54.12,37,0,6.35,NA,2021-06-06 19:49:21,clear sky
661,Tunceli,39.1083,39.5471,67.06,51,0,3.98,TR,2021-06-06 19:49:21,clear sky
662,Khulo,41.644,42.3129,48.6,95,61,1.63,GE,2021-06-06 19:49:22,broken clouds
663,Nijar,36.9665,-2.206,67.66,83,0,2.28,ES,2021-06-06 19:49:22,clear sky
664,Anuradhapura,8.3565,80.4173,76.8,89,94,8.66,LK,2021-06-06 19:49:22,overcast clouds
665,Nerchinskiy Zavod,51.3088,119.61,51.4,65,2,3.89,RU,2021-06-06 19:49:23,clear sky
666,Saint-Joseph,-21.3667,55.6167,68.36,86,60,11.52,RE,2021-06-06 19:49:23,light rain
667,Islamkot,24.6997,70.177,84.7,69,0,15.23,PK,2021-06-06 19:49:23,clear sky
668,Sabha,27.0377,14.4283,86.31,15,52,11.88,LY,2021-06-06 19:49:24,broken clouds
669,Yurga,55.7231,84.8861,55.78,94,95,9.75,RU,2021-06-06 19:49:24,overcast clouds
670,Jambi,-1.6,103.6167,73.9,96,47,3.04,ID,2021-06-06 19:49:25,scattered clouds
671,Tortoli,39.9256,9.6572,66.02,82,20,5.75,IT,2021-06-06 19:49:25,few clouds
672,Alekseyevsk,57.8406,108.3492,39.61,93,76,3.85,RU,2021-06-06 19:49:25,broken clouds
673,Nabire,-3.3667,135.4833,74.89,91,82,3.09,ID,2021-06-06 19:49:26,broken clouds
